1600000000,2020-12-08 10:56:37+00:00, ,1.34E+18,en,0,0,0,4, ,"RT @twt_migrant: Instead, we????d call him an expat. The word ????$T$???? has existed since forever, but it????s only recently been repurposed t",expatriate,Foreign talents,-1
1550000000,2014-06-19 08:28:19+00:00, ,4.80E+17,en,0,0,0,0, ,Philippines asks Singapore to probe $T$ blog http://t.co/gr1nU1ey62,racist,Xenophobia and racism,0
396000000,2012-10-16 14:54:04+00:00, ,2.58E+17,en,0,0,0,0, ,$T$ form less than 16% of autonomous university enrolment http://t.co/hG9U3FjK #Singapore,international students,Foreign talents,-1
51347530,2013-02-06 11:09:33+00:00, ,2.99E+17,en,0,0,0,0, ,"We are hiring AGM/GM/AVP - Chartering for a shipping company in Singapore. Must be a PR/$T$. If interested, write to tataverty.prasad@verita",EP,Foreign talents,-1
27360389,2009-06-02 16:48:28+00:00, ,2010000000,en,0,0,0,0, ,"45 illegal immigrants caught in $T$ raid, largest arrest in 2009 so far: SINGAPORE: 45 immigration offenders wer.. http://tinyurl.com/n839an",ICA,Immigration policy,-1
157000000,2015-03-29 09:07:36+00:00, ,5.82E+17,en,0,0,0,68, ,"RT @ChannelNewsAsia: At $T$????s opening, #LeeKuanYew said Singapore must strive to get more into tertiary institutions http://t.co/s7b8Ir4wZ6 ",SP,Foreign talents,1
91025651,2021-12-03 14:31:46+00:00, ,1.47E+18,en,2,0,1,1, ,"Reason of Do Hung Dung ejected by $T$?

His name is not in the 30 names submitted to Singapore authorities before arrival. https://t.co/SihkyHYlfV",ICA,Immigration policy,-1
91025651,2021-12-03 14:31:46+00:00, ,1.47E+18,en,2,0,1,1, ,"Reason of Do Hung Dung ejected by $T$?

His name is not in the 30 names submitted to Singapore authorities before arrival. https://t.co/SihkyHYlfV",ICA,Immigration policy,0
8.09E+17,2021-05-08 11:52:22+00:00, ,1.39E+18,en,0,0,2,0, ,"S'pore reducing arrivals from higher-risk areas, not barring entry for all work $T$ holders: MOM ",S pass,Foreign talents,-1
27378369,2021-06-22 04:46:29+00:00, ,1.41E+18,en,0,0,0,0, ,"30 years_ jail for woman who killed $T$ by starving, abusing her almost daily for 9 months


Download the TODAY app at https://t.co/pzP2j5QBya",maid,Foreign domestic workers,-1
150000000,2021-01-26 15:07:03+00:00, ,1.35E+18,en,0,0,0,1, ,"INNR _ How three women are empowering 'invisible' South Asian: Before Ms Malar Tharmalingam came to Singapore from India to work as a $T$ in 2015, she mostly kept to herself. View article... https://t.co/COW1H5JyGR",domestic worker,Foreign domestic workers,0
558000000,2015-11-04 06:39:55+00:00, ,6.62E+17,en,0,0,0,1, ,Ven. Maduluwawe Sobitha Thero who underwent heart surgery recently was flown 2 Singapore last night 4 urgent madical treatment by $T$. flight,SP,Foreign talents,1
311000000,2020-05-05 09:10:13+00:00, ,1.26E+18,en,0,0,0,1556, ,RT @ventriclejuice: if singapore got $T$ how come my neighbour is indian https://t.co/gq6FFQVGmL,racism,Xenophobia and racism,0
2880000000,2020-02-20 07:30:14+00:00, ,1.23E+18,en,2,0,0,2, ,"A __ransfer_ is a $T$ that changes employers while already working in Singapore.

Read more: https://t.co/WAtqwGoRhl

 #insurancemarket #insurance https://t.co/v6ySWikhl8",domestic helper,Foreign domestic workers,0
1.32E+18,2021-05-19 07:19:36+00:00, ,1.39E+18,en,0,0,1,0, ,"An Indian woman has been attacked by a Chinese man in Singapore. Calling it ""Indian variant"", ""Brazil variant"" and ""UK variant"" is as irresponsible and $T$ as calling it ""China virus"". These attacks must never be allowed to happen.

https://t.co/nCzdmYrNbW",racist,Xenophobia and racism,-1
57814400,2015-11-16 20:07:50+00:00, ,6.66E+17,en,0,0,0,0, ,$T$ explores ways to upgrade Singaporepassport system - https://t.co/Zzjo13DVIy,ICA,Immigration policy,0
540000000,2013-10-04 15:53:36+00:00, ,3.86E+17,en,0,0,0,0, ,"Btw, Singapore has a law for online $T$? wow.",racism,Xenophobia and racism,0
64684768,2016-02-23 05:55:08+00:00, ,7.02E+17,en,0,0,0,0, ,ASIAONE | $T$ to conduct operational exercise at land checkpoints on Feb 25 https://t.co/sddH2xYijI https://t.co/tVQ9XECpix,ICA,Immigration policy,0
91485571,2019-11-10 04:24:45+00:00, ,1.19E+18,en,0,0,0,0, ,What???????????????$T$????? https://t.co/rJ0tSRrf0c,domestic worker,Foreign domestic workers,-1
74559996,2011-06-12 03:51:36+00:00, ,7.98E+16,en,0,0,0,0, ,Eric filming his drama at Singapore today!!! Fighting for both eric and changjos in $T$!!!!,SP,Foreign talents,1
2150000000,2015-04-01 08:09:55+00:00, ,5.83E+17,en,0,0,0,0, ,U.S. expects Congress to $T$ fast-track trade bill within next month: SINGAPORE (Reuters) - The United States... http://t.co/1N1ATf4sec,S pass,Foreign talents,1
401000000,2013-10-27 03:37:10+00:00, ,3.94E+17,en,0,0,1,0, ,@dorene_ang you are a Chinese Nigga! I love how we can say the word nigga in Singapore without having the fear of being called a $T$ haha,racist,Xenophobia and racism,1
2850000000,2020-02-24 11:48:45+00:00, ,1.23E+18,en,0,0,0,975, ,"RT @maosnail: Random student who is not a minority during their class part: ""There is no $T$ in Singapore."" 
Me:",racism,Xenophobia and racism,1
2680000000,2016-11-06 23:32:04+00:00, ,7.95E+17,in,0,0,0,0, ,indonesian $T$ with jilbab in Singapore https://t.co/4N4iaYmkyN,maid,Foreign domestic workers,1
75951503,2010-03-28 13:39:20+00:00, ,11200000000,en,0,0,0,0, ,"@ebenezerheng Okay, you get a $T$. ;)
It's cool you thought of us all the way from Singapore though.",S pass,Foreign talents,1
341000000,2012-05-24 18:32:53+00:00, ,2.06E+17,en,0,0,0,0, ,"NewsInSG: PAP, $T$ hold final rallies for Hougang by-election: SINGAPORE: The ruling People's Action P... http://t.co/7FCXfAxi #Singapore",wp,Migrant workers,-1
193000000,2012-04-15 13:08:41+00:00, ,1.92E+17,en,0,0,0,0, ,Part Time $T$ In Singapore http://t.co/4BDRVskg,maid,Foreign domestic workers,0
237000000,2011-08-12 08:24:43+00:00, ,1.02E+17,en,0,0,0,0, ,Pinay $T$ missing in Singapore - http://goo.gl/Kn3KB,domestic helper,Foreign domestic workers,-1
620000000,2015-09-16 03:35:40+00:00, ,6.44E+17,en,0,0,0,0, ,"Foreign workforce growth in first half slowest since 2009: THE $T$ population expanded by just 8,00... http://t.co/XYLVORJzQQ",foreign worker,Migrant workers,0
44659911,2021-10-27 11:00:49+00:00, ,1.45E+18,en,0,0,0,402, ,"RT @mrbrown: Dude flies from London to Singapore on a $T$ flight, complains about having to queue. When actually, he didn__ do all the pref_?
1169933555104768005,2021-10-27 11:00:25+00:00, ,1453315642338070532,en,0,0,0,0, ,Fully vaccinated travellers from Australia and Switzerland will be able to enter Singapore without quarantine from November 8",VTL,Travel restrictions,-1
7.12E+17,2016-04-10 12:48:34+00:00, ,7.19E+17,en,0,0,0,0, ,Filipina $T$ in Singapore thankful for P2.1 M raised for son | Inquirer Global_Nation https://t.co/j634mS3Uo7 https://t.co/6R8lEOprrM,maid,Foreign domestic workers,1
438000000,2020-11-24 08:15:06+00:00, ,1.33E+18,en,0,0,0,0, ,"#Singapore will lift its border for all visitors from mainland China and Australia????s Victoria state, including all travelers who are not Singapore citizens, permanent residents or long-term $T$ holders #immigration #globalmobility",S pass,Foreign talents,0
1170000000,2016-05-06 12:35:36+00:00, ,7.29E+17,en,0,0,0,4336, ,"RT @SoSingaporean: $T$ or not, these are outright display of chinese privilege that exists in Singapore and it has to stop https://t.co/",racist,Xenophobia and racism,-1
95199595,2016-12-12 02:29:20+00:00, ,8.08E+17,en,0,0,0,0, ,"#africa #tech 
Singapore has topped the global Programme for $T$ Assessment (PISA) rankings in m https://t.co/Nc2gDHoJOq",international students,Foreign talents,0
477000000,2013-03-07 07:46:40+00:00, ,3.10E+17,en,0,0,0,0, ,@newbiesBB $T$ to help with continued stay of widowed foreign spouses with children: SINGAPORE: The... http://t.co/M24EVXEjfV #bbnewbies,ICA,Immigration policy,1
8.36E+17,2021-11-21 15:39:56+00:00, ,1.46E+18,en,0,0,0,1, ,RT @newsorb360: Travel bubble with Singapore bring$T$ back to?Australia https://t.co/1iaHbR7lKM,international students,Foreign talents,0
1.11E+18,2020-09-15 05:12:55+00:00, ,1.31E+18,en,2,0,0,0, ,@hiHOBIhi @yeopiphany Thank you! Looks like it????s gonna be $103 Singapore dollar for me on a 2day hd $T$ ?,S pass,Foreign talents,1
130000000,2015-11-01 15:32:23+00:00, ,6.61E+17,en,0,0,0,0, ,ASIAONE | Do '$T$ Cameras' cross the line? https://t.co/gisZbZcZz9 https://t.co/znYEr4XHyJ,maid,Foreign domestic workers,0
906000000,2014-06-27 10:14:46+00:00, ,4.82E+17,en,0,0,0,0, ,Top News:  #Women for sale # Buy a discount $T$ at Singapore's malls http://t.co/bhIzBXjQko via @AjEnglish,maid,Foreign domestic workers,0
119000000,2017-09-15 15:38:00+00:00, ,9.09E+17,en,0,0,0,0, ,Couple's jail terms raised to 10 months for starving $T$ who lost 20kg https://t.co/Y4yuhUfuw7,maid,Foreign domestic workers,-1
554000000,2018-12-27 08:34:42+00:00, ,1.08E+18,en,0,0,0,2, ,RT @TODAYonline: Singapore submits first report on UN treaty against $T$ https://t.co/H6GNiUGVnO https://t.co/9oevomnaax,racial discrimination,Xenophobia and racism,1
9.42E+17,2019-08-05 09:13:50+00:00, ,1.16E+18,en,0,0,0,0, ,"Fantastic news ! ITX is once again shortlisted for an Awards at The Forum for $T$ Management APAC IN Singapore !
***
Most Innovative Use of Technology in Global Mobility - Assignee Management
*** https://t.co/JW9chzg1Wj",expatriate,Foreign talents,1
75520124,2015-10-24 04:48:28+00:00, ,6.58E+17,en,0,0,0,0, ,$T$ reminds all travellers to comply with security checks https://t.co/ACV9l5qJHL,ICA,Immigration policy,0
205000000,2011-03-21 10:31:33+00:00, ,4.98E+16,en,0,0,0,0, ,"RT @InkPotArabic: ??? Our Courses are fully International and you will be learning alongside $T$ from all over the World...

?? UAE
??",SP,Foreign talents,1
47200731,2011-04-01 20:52:20+00:00, ,5.39E+16,en,0,0,0,0, ,"Singapore: goes a little nutty after a $T$ is seen carrying a soldier's backpack 
Read the story",maid,Foreign domestic workers,-1
1290000000,2016-12-06 16:06:40+00:00, ,8.06E+17,en,0,0,0,111, ,"RT @ChannelNewsAsia: Best in class: Singapore 15-year-olds top $T$ ranking in maths, science and reading https://t.co/AsRsLi2pLP",international students,Foreign talents,1
205000000,2011-03-21 10:31:33+00:00, ,4.98E+16,en,0,0,0,0, ,DTN Singapore: NUH houses new fertility training centre: SINGAPORE: The Centre for reproductive Education and $T$... http://bit.ly/hcva69,SP,Foreign talents,1
1.12E+18,2020-06-07 09:10:22+00:00, ,1.27E+18,en,0,0,1,0, ,"@andymukherjee70 @nishagopalanhk So I expect employees to privately acknowledge the love work from home, but publicly they are never going to, due to fear of their job getting outsourced. Take Singapore for instance. Most banking and finance tech $T$s are Indians. It would be insane to pay..",work permit,Migrant workers,0
402000000,2020-04-29 08:26:17+00:00, ,1.26E+18,en,6,0,0,0, ,the hong kong / singapore $T$ from elite high schools are scary its an intellectual mafia at uni with colonial flavours,international students,Foreign talents,-1
38400130,2019-08-27 09:31:42+00:00, ,1.17E+18,en,7,1,0,11, ,$T$ found dead in field along Tampines Road likely killed by her husband: Coroner https://t.co/VED8AU1HrO https://t.co/zEAkBlF2hB,maid,Foreign domestic workers,-1
9.88E+17,2020-11-10 05:22:50+00:00, ,1.33E+18,en,0,0,0,8, ,RT @StabiHH: ????2020Digital Humanities Studies on $T$ madical Knowledge Workshop???? hosted by the Research Center for Digital Humanit,international scholars,Foreign talents,0
151000000,2012-11-06 23:36:17+00:00, ,2.66E+17,en,1,0,0,2, ,"After Malaysia, '$T$ for sale' ad also found in Singapore http://t.co/S59QwBmL",maid,Foreign domestic workers,-1
83732679,2019-05-10 17:11:01+00:00, ,1.13E+18,en,0,0,0,0, ,"Singapore????$T$ _ How Difficult It Is to Get One: Are you planning to work in Singapore? If so, you will need an $T$ that corresponds to your skills and qualifications or the job you are interested in. https://t.co/3ZflnqQeHF",S pass,Foreign talents,-1
4030000000,2017-05-06 21:34:03+00:00, ,8.61E+17,en,0,0,0,0, ,$T$: Looking for solutions https://t.co/4N8BFyk0yL,racism,Xenophobia and racism,0
391000000,2012-03-28 05:52:44+00:00, ,1.85E+17,en,0,0,0,0, ,Singapore football officials vowed "zero tolerance" of $T$ Wednesday after a visiting Liberian player responded...,racism,Xenophobia and racism,1
1270000000,2015-12-04 01:26:04+00:00, ,6.73E+17,en,0,0,0,0, ,Wanted Singapore E $T$ (Degree). Work Hiring by REALITY WORLD IMMIGRATION SERVICES (Trichy) https://t.co/meMLB35S89 #works @Adsnity,work pass,Migrant workers,0
37874853,2020-02-06 03:13:05+00:00, ,1.23E+18,en,3,0,0,3, ,"$T$, HSA seize more than $60,000 worth of e-vaporisers and accessories https://t.co/8NthvxR9yV",ICA,Immigration policy,1
1170000000,2019-09-02 15:54:21+00:00, ,1.17E+18,en,0,0,0,12377, ,"RT @SGNotoriousAFC: ""Which race in Singapore is the most $T$? Indian, Chinese, Malay""

This guy: https://t.co/irlpVCoQSR",racist,Xenophobia and racism,0
1.18E+18,2020-02-06 12:48:19+00:00, ,1.23E+18,en,0,0,0,0, ,What is this I'm working honestly but they are doing some molpractice now they cancelled my work $T$ this is good for Singapore? I give respect for Lee Employment records https://t.co/9mPzRobnmD #employeerecords #employmentact via @MOM_sg https://t.co/2I8Thvc2No,employment pass,Foreign talents,-1
196000000,2020-07-08 18:53:08+00:00, ,1.28E+18,en,1,1,0,2, ,"Thank you to $T$ from Hong Kong, Malaysia and Cyprus who attended today's Christ's International webinars. We look forward to working with from the remaining #EUcountries (places still available) and Singapore tomorrow! https://t.co/Qz3KEYW5MM https://t.co/c3iEmtO8Vg",international students,Foreign talents,1
26491974,2012-06-06 07:37:43+00:00, ,2.10E+17,en,0,0,0,0, ,"In singapore, even a $T$ can buy ipod touch and samsung galaxy SII.",maid,Foreign domestic workers,1
1.33E+18,2021-12-23 04:33:31+00:00, ,1.47E+18,en,0,0,0,528, ,RT @Thefinnigans: Let that sink into you. Singapore the world greatest $T$ air travel hub is closing its international border for,travel restrictions,Travel restrictions,1
58435187,2015-10-20 09:34:27+00:00, ,6.56E+17,en,0,0,0,0, ,"[News] $T$ gives birth to dead baby, hides body in drawer at employer's house https://t.co/gbJZHvJcUD",maid,Foreign domestic workers,1
221000000,2011-05-15 14:14:10+00:00, ,6.98E+16,en,0,0,0,0, ,Are You Against $T$ and Hate in Singapore Politics http://ow.ly/4UTIg #sgelections #sgelection #sgpolitics,xenophobia,Xenophobia and racism,1
801000000,2013-08-26 13:00:50+00:00, ,3.72E+17,en,0,0,0,5, ,"RT @mellyrauhl: SINGAPORE IS SUCH A $T$ FKING COUNTRY I CANT EVEN... EVERY CONTESTS TO MEET THEIR IDOLS, THEY WILL ALWAYS CHOOSE CHINESE",racist,Xenophobia and racism,-1
3000000000,2017-07-05 02:50:23+00:00, ,8.82E+17,en,0,0,0,14, ,RT @STcom: Get free 'boarding $T$' for airport's T4 open house tour https://t.co/2C5OiYvbeS https://t.co/FXawXttO4m,S pass,Foreign talents,0
459000000,2013-02-13 09:50:22+00:00, ,3.02E+17,en,0,0,0,1, ,@Window$T$honeInd #LateForADate Sorry My Mom handed me some household work.Actually our $T$ has gone to Singapore for her Honeymoon. ;),maid,Foreign domestic workers,0
307000000,2015-06-04 04:33:15+00:00, ,6.06E+17,en,0,0,0,0, ,"Most $T$ thing I heard this week, 
A:Eh when Malay sing you don't disturb.
B:why?
A:Cause Chinese never win Singapore idol before.",racist,Xenophobia and racism,-1
130000000,2016-02-23 01:50:36+00:00, ,7.02E+17,en,0,0,1,1, ,TNP | Woman gets 9 months' jail for $T$ abuse https://t.co/jkoSvr5tpG https://t.co/61iWIdD6Vy,maid,Foreign domestic workers,-1
218000000,2018-02-13 09:58:24+00:00, ,9.63E+17,en,0,0,0,413, ,RT @MrFAwesome: ????$T$ doesn????t exist in Singapore???? https://t.co/w9dgMWBkFH,racism,Xenophobia and racism,-1
861000000,2016-03-23 06:11:07+00:00, ,7.13E+17,en,0,0,0,0, ,Couple admitted to $T$ abuse after claiming trial previously https://t.co/Aapl2QyR20,maid,Foreign domestic workers,-1
1.10E+18,2021-11-12 16:42:01+00:00, ,1.46E+18,en,5,0,0,0, ,"Singapore is really fucked up , and mother fuckers still have fucking balls to say ???? oh we not $T$ ???? ur mother cb lah go suck lj lah knn, y????all and privileges. Being an Indian is not ez.",racist,Xenophobia and racism,-1
64684768,2012-09-04 07:48:38+00:00, ,2.43E+17,en,0,0,0,0, ,"(ST) Employer jailed, fined for running loan shark business with $T$ http://t.co/aui0avUL",maid,Foreign domestic workers,-1
356000000,2011-12-16 18:30:15+00:00, ,1.48E+17,en,0,0,0,0, ,"To all the people defending Singapore from $T$ comments online, you guys are awesome. :)",racist,Xenophobia and racism,1
294000000,2017-09-14 15:01:26+00:00, ,9.08E+17,en,0,0,0,0, ,"""A simple, nonviolent, quiet vigil for a $T$ about to be hanged by Singapore is deemed an illegal assembly"" https://t.co/xApXyINYRV @kixes https://t.co/PJi6cGkHWE",migrant worker,Migrant workers,-1
61678898,2011-08-18 09:53:57+00:00, ,1.04E+17,en,0,0,0,0, ,I think its time we call it as it is: the current $T$ climate in Singapore is propagating a climate o (cont) http://t.co/YZMGwTH,xenophobic,Xenophobia and racism,-1
321000000,2016-12-10 00:02:45+00:00, ,8.07E+17,en,0,0,0,0, ,$T$ says she was molested...but she fails to prove her case in court. https://t.co/otACxa5IZV,domestic helper,Foreign domestic workers,-1
2440000000,2021-09-26 15:42:03+00:00, ,1.44E+18,en,2,0,1,0, ,@Havaldarshinde Wait till you hear about how NRIs in Singapore talk. What annoys me the most is that parents don't even bother to accompany their kids to the playground and ask the to do it. Some of those $T$oilt kids talking down to their $T$ boils my blood,maid,Foreign domestic workers,-1
41085467,2013-12-24 00:08:36+00:00, ,4.15E+17,en,0,0,0,0, ,.@Singapor$T$olice explain position on post-#LittleIndiaRiot public forum on $T$ issues http://t.co/clWv9t4g8u,migrant worker,Migrant workers,0
712000000,2021-04-29 05:33:41+00:00, ,1.39E+18,en,0,0,0,105, ,RT @malaymail: Woman filmed making $T$ remarks on Singapore MRT loses her job; YouTube removes channel linked to her https://t.co/G0FIaW,racist,Xenophobia and racism,-1
203000000,2012-06-04 02:55:36+00:00, ,2.09E+17,en,0,0,0,0, ,New post: Rikvin Launches Singapore $T$ Guide on Its Portal http://t.co/hGOm0bY2,employment pass,Foreign talents,0
130000000,2015-10-16 04:27:08+00:00, ,6.55E+17,en,0,0,0,0, ,REDWIRE TIMES | [VIDEO] $T$ Kicked My 2-Year-Old Daughter while She Was Happily Eating_ http://t.co/hgGtXhPA4e http://t.co/RZLwAmvysQ,maid,Foreign domestic workers,1
1950000000,2014-03-20 22:19:38+00:00, ,4.47E+17,en,0,0,0,0, ,Indonesian $T$ charged with murder of 69-year-old woman http://t.co/y43eiy9r3v http://t.co/i1Mcn9fBBX #singapore,maid,Foreign domestic workers,-1
19013879,2015-08-03 04:20:05+00:00, ,6.28E+17,en,0,0,0,0, ,"No easy choices on $T$, immigrant policies: PM Lee https://t.co/4FoXUaeAyy http://t.co/VA6xPZO4z6",foreign worker,Migrant workers,-1
1.31E+18,2021-07-26 08:36:35+00:00, ,1.42E+18,en,0,0,0,71, ,RT @ChannelNewsAsia: #COVID19 $T$ may be eased in September; vaccinated people may be able to visit some countries without,travel restrictions,Travel restrictions,1
575000000,2020-04-18 08:50:08+00:00, ,1.25E+18,en,1,1,0,1, ,Saturday lunchtime: Singapore preliminarily confirms 942 new cases of #COVID_19 . The majority continues to be linked to $T$ dormitories. More details expected this evening.,foreign worker,Migrant workers,-1
77156215,2016-04-13 16:24:42+00:00, ,7.20E+17,en,0,0,0,0, ,Foreign student in NUS writes an article on the $T$ she faces in Singapore https://t.co/fDEixocpMW,racism,Xenophobia and racism,0
1.32E+18,2020-10-25 08:19:29+00:00, ,1.32E+18,en,0,0,0,55, ,"RT @kay232020: low risk countries like South korea, Singapore didnot block their $T$, they are doing extremely well in e",international students,Foreign talents,1
606000000,2021-05-26 13:55:13+00:00, ,1.40E+18,en,0,0,0,749, ,"RT @kish_kebab: If, as a Chinese person living in Singapore, your response to a minority talking about $T$ is along the lines of ""person",racism,Xenophobia and racism,-1
25841502,2020-03-25 06:03:36+00:00, ,1.24E+18,en,0,0,0,191, ,"RT @MsMelChen: Singapore, Hong Kong and Taiwan fought the good fight as evidenced by the flattened shape of their $T$i curves, all without l",travel restrictions,Travel restrictions,1
8.38E+17,2021-11-09 15:28:25+00:00, ,1.46E+18,en,0,0,0,81, ,"RT @ChannelNewsAsia: A new $T$ to Malaysia and new risk classifications for several countries, including some in Southeast Asia - here's al_?
2547675497,2021-11-09 15:06:17+00:00, ,1458088560184135686,en,0,0,0,1, ,RT @foo_benjamin: Good point",border measures,Travel restrictions,0
91758662,2021-06-03 02:11:44+00:00, ,1.40E+18,en,0,0,0,0, ,"@nic_kow @BiLLYKHAERUDIN Singapore. They bring most of the profit back to their country, and make their country richer. And Bali received their left over. 

And then all the corruption, and tha $T$, and the cheaper tourism.

Of course I don't have instant solution for this. __",foreign worker,Migrant workers,-1
130000000,2018-03-29 10:54:48+00:00, ,9.79E+17,en,0,0,1,0, ,I think I'll just give $T$ Singapore a call on monday.,ICA,Immigration policy,-1
20762038,2010-03-03 12:19:29+00:00, ,9920000000,en,0,0,0,0, ,#american Association bridge the community and enhance the $T$ experience of #living in #Singapore: http://uurl.in/CAVGG,expatriate,Foreign talents,1
205000000,2013-02-05 05:47:46+00:00, ,2.99E+17,en,0,0,0,0, ,"DTN Singapore: Number of immigration offenders continues to drop $T$: Arrests of immigration offenders, on a dow... http://t.co/Xy0CBdjN",ICA,Immigration policy,-1
1.29E+18,2020-08-17 08:25:09+00:00, ,1.30E+18,en,0,0,0,56, ,RT @mon$T$_clare1: Adelaide won????t allow its own residents come home from Victoria &amp; yet 300 $T$ from Singapore ?? can tr,international students,Foreign talents,1
436000000,2012-01-13 02:48:46+00:00, ,1.58E+17,en,0,0,0,0, ,"It looks like I will be getting my $T$ here in singapore soon, so very excited to start my new gig!",employment pass,Foreign talents,1
2980000000,2016-06-27 12:43:54+00:00, ,7.47E+17,en,0,0,0,0, ,"#jobs #jobsearch # #The Latest: London mayor: 'zero tolerance' for $T$:  
           #LONDON (AP) ???? The La... https://t.co/CxTbyavMLH",racism,Xenophobia and racism,1
634000000,2021-04-22 13:24:01+00:00, ,1.39E+18,en,1,0,0,0, ,"S'pore to bar long-term $T$ holders, visitors travelling from India as Covid-19 cases there surge https://t.co/9WOGdryM09",S pass,Foreign talents,1
520000000,2012-11-22 10:02:23+00:00, ,2.72E+17,en,0,0,0,99, ,RT @TODAYonline: 97.6% of $T$ who sat for this year's PSLE eligible to progress to secondary school http://t.co/U89hokaO,S pass,Foreign talents,1
,2019-08-04 12:01:06+00:00, ,1.16E+18,en,6,0,0,0,,Growing up brown in Singapore means being called "black" by my classmates simply for being only slightly darker than my paler Chinese friends. It means being called $T$/the help by friends. It means being randomly sworn at old men on the street. https://t.co/85BnoAj98l,maid,Foreign domestic workers,-1
90789142,2022-01-05 13:51:35+00:00, ,1.48E+18,en,5,2,3,7,,Tightened $T$ helped buy time are healthcare system for Covid-19 Omicron variant: Lawrence Wong https://t.co/1YNy8sj33X,border measures,Travel restrictions,1
,2020-06-24 06:19:43+00:00, ,1.28E+18,en,0,0,0,6,,RT @SEACoronavirus: Singapore and Malaysia taking to reopening their borders with eachother using more $T$ in place to conduct #_?,border measures,Travel restrictions,0
,2018-03-02 11:29:02+00:00, ,9.70E+17,en,3,0,0,0,,Glad to see that the High Court in Singapore has increased the sentence for a man convicted of abusing a $T$ - https://t.co/OoKmokshML,domestic helper,Foreign domestic workers,1
,2020-08-18 07:53:35+00:00, ,1.30E+18,en,0,0,0,0,,@MOM_sg can a existing $T$ holder act as a director for another Singapore  company ?,employment pass  ,Foreign talents,0
19013879,2016-07-26 06:26:43+00:00, ,7.58E+17,en,0,0,0,0,,"S$3,600 starting from 1st Jan. Tats the minimum for $T$ holders ... . please wake up and take note....  ???... https://t.co/s5YUfJ0RfC",EP,Foreign talents,0
275000000,2020-02-14 08:02:23+00:00, ,1.23E+18,en,1,0,0,1,,Coronavirus hits two more Bangladeshis in Singapore Two more Bangladeshi $T$s in Singapore have been infected with the novel coronavirus- recently named Covid-19-with links to the previous two cases being confirmed  The Straits Times r$T$ort https://t.co/T5zUb8TtQl,expatriate,Foreign talents,0
,2020-11-29 14:31:32+00:00, ,1.33E+18,en,0,0,0,1,,"RT @SoSingaporean: #10YearsAgo you dun see that many $T$ , it felt more ""SINGAPORE""! #sosingaporean",foreign talents,Foreign talents,1
76973108,2011-12-29 01:02:16+00:00, ,1.52E+17,en,0,0,0,444,, Those are inspirations for me. Done by foreign creative $T$. Singapore so restricted with these creation. Xian ah!,foreign talents,Foreign talents,1
67266762,2011-06-07 10:11:49+00:00, ,7.80E+16,en,0,0,0,0,,"#Coronavirus update:

Additional 1,111 cases of COVID-19 infection in #Singapore, majority are $T$ holders residing in dormitories.

20 cases are Singaporeans/ Permanent Residents. #covid19",foreign worker,Migrant workers,0
878000000,2020-04-21 07:17:32+00:00, ,1.25E+18,en,6,2,1,5,,Samaritans in Singapore: $T$ goes extra mile to return lost mobile phone https://t.co/Nio5aye3qO https://t.co/LuccLdcCoT,foreign worker,Migrant workers,0
415000000,2016-12-26 07:12:58+00:00, ,8.13E+17,en,51,1,0,33,,This is what Singapore mandates for every $T$. ,foreign worker,Migrant workers,-1
1.16E+18,2016-09-13 05:56:27+00:00, ,7.76E+17,en,0,0,0,0,,POINT OF VIEW/ Kaori Iwasaki: Singapore reviewing $T$ policies http://t.co/uyCcBujnYf Singapore in recent years has become muc_,foreign worker,Migrant workers,0
1610000000,2015-06-10 06:39:12+00:00, ,6.09E+17,en,0,0,0,0,,"News Update | Singapore can't ease $T$ limits, says PM http://t.co/yDpe5QUlLm",foreign worker,Migrant workers,0
,2014-05-08 03:38:44+00:00, ,4.64E+17,en,0,0,0,0,,"(ST) Government estimate $T$ demand in 2030 for healthcare, construction,  http://t.co/fQNl8MFa",foreign worker,Migrant workers,0
,2012-11-12 08:46:28+00:00, ,2.68E+17,en,0,0,0,0,,Two managers fined for giving false information on $T$ housing: Two men from a construction company w... http://t.co/GMcnQf05,foreign worker,Migrant workers,-1
,2012-03-06 19:44:32+00:00, ,1.77E+17,en,0,0,0,0,,NewsInSG: Man charged with disposing of illegal $T$'s body: don__ have it so good ... http://t.co/tFJom8YI #Singapore,foreign worker,Migrant workers,-1
,2012-01-20 05:00:52+00:00, ,1.60E+17,en,0,0,0,0,,$T$:Number of babies born in Singapore rises slightly after 8-year low https://t.co/0liD2nkXy4 https://t.co/9m5TSn4bx0,ICA,Immigration policy,0
9.67E+17,2020-07-28 06:23:04+00:00, ,1.29E+18,en,10,10,0,9,,"Oh yay. This is fun. *stays inside $T$* 
https://t.co/cj1xjA0B57",ICA,Immigration policy,1
19886367,2020-03-29 07:08:49+00:00, ,1.24E+18,en,0,0,1,0,,Biometrics screening to be introduced at all checkpoints from next April: $T$ https://t.co/AR3EW17Sw0,ICA,Immigration policy,0
68324877,2018-11-12 15:10:45+00:00, ,1.06E+18,en,0,0,0,0,,$T$ explores automated clearance for cars https://t.co/11lbXFQH2y https://t.co/EfacwAQKYk,ICA,Immigration policy,0
18304075,2016-12-24 09:14:14+00:00, ,8.13E+17,en,0,0,0,1,,$T$ sends back 3 Malaysians who evaded immigration checks to avoid congestion at Malaysian Customs https://t.co/TuGqpypq7g,ICA,Immigration policy,-1
8.86E+17,2015-12-22 04:44:48+00:00, ,6.79E+17,en,0,0,0,0,,$T$ arrests 29 islandwide for immigration offences - The Straits Times http://t.co/po6iJR3ZFM,ICA,Immigration policy,-1
,2015-06-10 09:36:08+00:00, ,6.09E+17,en,0,0,0,0,,$T$ system experiences 'intermittent slow-down' - TODAYonline http://t.co/3FOw0aT3,ICA,Immigration policy,-1
1.04E+18,2012-12-21 13:05:04+00:00, ,2.82E+17,en,0,0,0,0,,$T$ developing new project to zoom in on high-risk groups: SINGAPORE: The Immigration and Checkpoint.. http://tinyurl.com/5bhyca,ICA,Immigration policy,0
8.46E+17,2008-05-27 14:30:27+00:00, ,821000000,en,0,0,0,0,,"RT @drchrisnewton: I had a look at Singapore's O-level in history and it is much better than the GCSEs here, as an $T$",international students,Foreign talents,1
78772642,2021-08-12 13:45:46+00:00, ,1.43E+18,en,0,0,0,3,,"RT @scienceline: ????I felt dreary,"" Nikita Dhar, a sophomore at Georgetown University who's from Singapore, told our r$T$orter @huanjia_zhang.",international students,Foreign talents,-1
43468679,2019-08-19 04:53:57+00:00, ,1.16E+18,en,1,0,0,0,,Pinoy $T$ top 14th International Mathematics Contest in Singapore https://t.co/ax1yp3RRMw,international students,Foreign talents,0
,2018-08-03 08:53:02+00:00, ,1.03E+18,en,16,1,0,5,,"RT @rapplerdotcom: Filipino $T$ topped an international math competition in Singapore, harvesting 245 medals and 111 merit awards. htt",international students,Foreign talents,1
,2017-08-09 02:40:45+00:00, ,8.95E+17,en,0,0,0,45,,"$T$ on trial for mixing her menstrual blood, urine in employer__ food https://t.co/sxykDPjYly",maid,Foreign domestic workers,-1
,2021-08-23 06:45:32+00:00, ,1.43E+18,en,0,0,0,0,,Call 93361824 to hire #$T$ in #Singapore @ https://t.co/SJuBDWZ8JS and hire your professional ,maid,Foreign domestic workers,0
9.80E+17,2021-08-03 12:14:39+00:00, ,1.42E+18,en,0,0,0,0,,$T$ dangling on parapet of Bukit Panjang HDB block: "I thought I was dead for sure_ https://t.co/Kmm2aco4Rs,maid,Foreign domestic workers,-1
2450000000,2017-12-09 02:20:06+00:00, ,9.39E+17,en,0,0,0,0,,Hindu. Indian woman jailed in Singapore https://t.co/dr3KFfSded,maid,Foreign domestic workers,-1
1329101,2016-03-11 08:01:27+00:00, ,7.08E+17,en,0,0,0,0,,Part Time $T$ Singapore: 7 Common Misconceptions On Curtain Cleaning https://t.co/ucBll8iFZN,maid,Foreign domestic workers,0
,2015-11-11 10:01:51+00:00, ,6.64E+17,en,0,0,0,0,,Commodity' $T$ agency gets relief http://t.co/PEi2msltDn #Singapore,maid,Foreign domestic workers,1
128000000,2014-08-19 01:40:07+00:00, ,5.02E+17,en,0,0,0,0,,DTN Singapore: $T$ dies after church lift falls on her - Malaysia Chronicle: Malaysia Chronicle dies after ... http://t.co/rtBCPE2O,maid,Foreign domestic workers,-1
,2012-05-29 05:17:19+00:00, ,2.07E+17,en,0,0,0,0,,CNA - $T$ jailed for cheating & pawning elderly's jewellery: SINGAPORE: A Filipino maid was sentence... http://t.co/YuRH8LHD,maid,Foreign domestic workers,-1
802000000,2011-12-20 05:26:43+00:00, ,1.49E+17,en,0,0,0,0,,Soft' Singapore soldier 'sorry' over $T$ incident: A Singapore soldier who was photographed with a maid carryi... http://bbc.in/ejPmj1,maid,Foreign domestic workers,-1
30191232,2011-04-05 12:37:42+00:00, ,5.52E+16,en,0,0,0,0,,Jeff's Tfeeds - You: Employer charged with $T$ abuse: SINGAPORE: A 31-year-old woman has been hauled to court f... http://bit.ly/fmGjNj,maid,Foreign domestic workers,-1
40465541,2011-02-23 05:51:49+00:00, ,4.03E+16,en,0,0,0,0,,Part TIme $T$ Singapore - http://newzfor.me/?6d04,maid,Foreign domestic workers,0
2730000000,2010-08-20 04:39:50+00:00, ,21600000000,en,0,0,0,0,,Containing the pandemic by locking up $T$s? https://t.co/w4Q1pfWtkj,migrant worker,Migrant workers,-1
12749902,2021-01-06 00:08:26+00:00, ,1.35E+18,en,0,0,0,0,,"#Singapore had drawn praise for its early re$T$onse to the #coronavirus. But the country now has the most infections in Southeast Asia. The majority of cases have come from the large  community.
https://t.co/4G1Q04jx8V",migrant worker,Migrant workers,1
41326847,2018-12-27 22:10:49+00:00, ,1.08E+18,en,0,0,0,0,,RT @STcom: #Singapore signs pact against $T$ https://t.co/9d0wzOsb9n https://t.co/AgO1vNDs0F,racial discrimination,Xenophobia and racism,1
64684768,2015-10-21 00:39:33+00:00, ,6.57E+17,en,0,0,0,19,,Singapore signs international convention against $T$ - Channel News Asia https://t.co/MuT3q5LDUy,racial discrimination,Xenophobia and racism,1
1290000000,2015-10-20 11:23:29+00:00, ,6.56E+17,en,0,0,0,0,,"RT @TODAYonline: WATCH: Finance Minister Lawrence Wong addressed issues on $T$ in Singapore at a forum, saying it is crucial that Singap",racism,Xenophobia and racism,-1
1560000000,2021-06-26 02:10:51+00:00, ,1.41E+18,en,0,0,0,82,,"RT @benedictrogers: Important initiative 

All $T$ is totally wrong
",racism,Xenophobia and racism,-1
,2021-03-25 15:47:34+00:00, ,1.38E+18,en,0,0,0,48,,RT @sharanvkaur: tfw when you kill a man and get the same punishment as the indian siblings who said systemic $T$ exists in singapore,racism,Xenophobia and racism,-1
101000000,2020-10-15 10:20:59+00:00, ,1.32E+18,en,0,0,0,329,,RT @defuentex: I think singapore should touch up on $T$ and racism more during social studies in secondary school than fucking world,racism,Xenophobia and racism,-1
,2020-08-19 14:16:32+00:00, ,1.30E+18,en,0,0,0,9,,"RT @ummrogix_: Anyone still wanna tell me $T$ doesnt exist in Singapore?? 

Change my MIND ???????? https://t.co/bEdDz7tKMM",racism,Xenophobia and racism,-1
208000000,2020-06-25 08:53:51+00:00, ,1.28E+18,en,0,0,0,2494,," I can't believe they have turned a virus outbreak in to a $T$ issue... &amp; flew Chinese men FROM CHINA to Italy to give free hugs to ""fight racism"" 

And NOW look at Italy

Had to be FROM CHINA.. not Singapore, Hong Kong, Taiwan, Dublin, or any of the MANY China towns in the USA",racism,Xenophobia and racism,-1
,2020-03-10 19:30:25+00:00, ,1.24E+18,en,0,0,0,0,,"RT @maosnail: Random student who is not a minority during their class part: ""There is no $T$ in Singapore."" 
Me:",racism,Xenophobia and racism,1
172000000,2020-02-24 22:29:07+00:00, ,1.23E+18,en,0,0,0,975,,RT @rauveet: Don't tell me $T$ in Singapore doesn't exist. ? I do want to know what's Sheena Phua's response if a 6ft non-turbaned man c,racism,Xenophobia and racism,-1
351000000,2019-09-22 11:42:34+00:00, ,1.18E+18,en,0,0,0,138,,RT @MrFAwesome: ????$T$ doesn????t exist in Singapore???? https://t.co/w9dgMWBkFH,racism,Xenophobia and racism,-1
43468679,2018-02-11 07:03:45+00:00, ,9.63E+17,en,0,0,0,413,,7 Singaporeans share their stories about dealing with $T$ and stereotypes. #Singapore https://t.co/6ZxmdaeYrX,racism,Xenophobia and racism,0
205000000,2017-08-22 18:13:38+00:00, ,9.00E+17,en,2,0,0,0,,RT @MbuyiseniNdlozi: Still don't get why learning about state led economic development in Singapore makes u preach $T$ that "aspects of,racism,Xenophobia and racism,-1
19013879,2017-03-20 11:37:02+00:00, ,8.44E+17,en,0,0,0,116,,Thank you for reading and sharing my post on $T$. https://t.co/OnH9uT1BSJ???? @inquirerdotnet @PhilippineStar,racism,Xenophobia and racism,1
152000000,2014-04-22 03:59:37+00:00, ,4.58E+17,en,0,0,0,0,,"RT @HarlemCam: When I was in China, I experienced $T$. Same when I was in Singapore. Here in Malaysia I feel comfortable.",racism,Xenophobia and racism,-1
82072251,2014-04-18 17:15:10+00:00, ,4.57E+17,en,0,0,0,21,,"#$T$orts #news Basketball: Jeremy Lin still feels the sting of $T$: NEW YORK: Jeremy Lin, the NBA p... http://t.co/pGKtaiFn #singapore",racism,Xenophobia and racism,-1
58061936,2012-10-17 00:44:03+00:00, ,2.58E+17,en,0,0,0,0,,Singapore battle $T$ online and in the street: SINGAPORE: Residents in Singapore are calling for a change in... http://t.co/uCIcFaq4,racism,Xenophobia and racism,-1
757000000,2012-10-11 12:25:28+00:00, ,2.56E+17,en,0,0,0,0,,"RT @dee_kosh: I grew up in the Philippines - ive seen poverty, Ive seen $T$, Ive seen death,Singapore doesnt see this - thats why we  ...",racism,Xenophobia and racism,1
966000000,2011-12-14 21:17:07+00:00, ,1.47E+17,en,0,0,0,24,,RT @TODAYonline: NLB removes Chinese-language children's book from libraries after complaint about '$T$' content https://t.co/PDCGHrHoz4,racist,Xenophobia and racism,1
2310000000,2020-07-22 09:29:29+00:00, ,1.29E+18,en,0,0,0,47,,"Love Coach Ancelotti for this! 

I experienced $T$ in several countries. Been called monkey in U.S. . My coach in Singapore never spoke to me b/c I wasn't Asian.
",racist,Xenophobia and racism,1
1.15E+18,2018-12-28 16:39:02+00:00, ,1.08E+18,en,15,0,0,3,,"RT @egyptiangoId: michael clifford wore a ""why be $T$, sexist, homophobic, or transphobic when you could just be quiet?"" shirt on stage",racist,Xenophobia and racism,-1
2790000000,2018-05-05 22:26:14+00:00, ,9.93E+17,en,0,0,0,7,,"$T$ landlords in Malaysia to Chinese privilege in Singapore, why is Asia so hung up on skin tone? | South China Morning Post - https://t.co/nUBtp9Yc9j",racist,Xenophobia and racism,-1
,2018-03-23 10:40:16+00:00, ,9.77E+17,en,0,0,0,0,,"RT @fizzurp_: Singapore wants no $T$/islamophobic citizens too, zip it. https://t.co/F6Qnw4mFcS",racist,Xenophobia and racism,1
205000000,2017-08-09 16:48:27+00:00, ,8.95E+17,en,0,0,0,1348,,RT @nslwin: A must read -- #Myanmar fans flood #Singapore #football Association #Facebook with #$T$ comments after #Win http://t.co/lVLo,racist,Xenophobia and racism,-1
,2015-06-05 17:48:25+00:00, ,6.07E+17,en,0,0,0,6,,@naruse48 I like Singapore but I bet you'd hate it since you're so $T$,racist,Xenophobia and racism,-1
1.29E+18,2015-02-03 02:24:12+00:00, ,5.62E+17,en,0,0,1,0,,"Jokes on them though he only speaks a little bit of chinese since he's from Singapore and english is his first language.
Dem $T$ mother fuck",racist,Xenophobia and racism,-1
,2014-09-03 03:41:49+00:00, ,5.07E+17,en,0,0,0,0,,"Foreigner that calls commuters in Singapore ""POOR"" 
.
$T$ bastard http://t.co/VOZn0MnnJs",racist,Xenophobia and racism,-1
19013879,2014-03-04 12:27:30+00:00, ,4.41E+17,en,0,0,0,0,, I hate singapore for being $T$ . _I_  http://t.co/FPMM8i2gVY???? ,racist,Xenophobia and racism,-1
2340000000,2013-03-24 05:57:10+00:00, ,3.16E+17,en,0,0,0,0,,Minister Shanmugam says Seng Han Thong not $T$ http://t.co/9EfBn5bN,racist,Xenophobia and racism,1
,2011-12-25 03:52:04+00:00, ,1.51E+17,en,0,0,0,0,,RT @mynameisaraya  where did I learn English. I think it's almost $T$.// ppl keeps on thinking that i'm from singapore! great!!!,racist,Xenophobia and racism,1
284000000,2010-11-18 03:33:25+00:00, ,5.10E+15,en,0,0,0,0,,RT @andychester_: Oh! Singapore will raise it $T$ salary from S$4500 to S$5000 while leader KELUARGA MALAYSIA bagi statement h,S pass,Foreign talents,0
20408504,2022-02-22 11:14:50+00:00, ,1.50E+18,en,0,0,0,4868,,"Govt to $T$ law toformalise assurances?, spell out types of serious crimes where police can access TraceTogether data???? - TODAY 

Wow, I didn't expect this so soon, but it's good.

https://t.co/o5VRKOXtuo",S pass,Foreign talents,1
,2021-01-09 05:14:00+00:00, ,1.35E+18,en,1,0,1,0,," law is similar and work $T$ holders have been suspended also. It????s simply, when you are in a country you follow the laws.  https://t.co/1wRaxcrYux",S pass,Foreign talents,0
1950000000,2020-03-19 12:42:52+00:00, ,1.24E+18,en,2,0,0,0,,Minimum salaries in #Singapore required for $T$  holders to sponsor family members will increase by 20% starting Jan. 1. Details: https://t.co/wJCLYGMYwE https://t.co/YmMZoDvT8F,S pass,Foreign talents,0
200000000,2017-12-07 10:05:07+00:00, ,9.39E+17,en,0,0,0,0,,Ate Jess came to visit. She got her $T$. Yay! She's leaving for Singapore tom.,S pass,Foreign talents,1
2740000000,2009-08-24 12:07:46+00:00, ,3510000000,en,0,0,0,0,,@rochelleegomes haha I always forget that SG is Singapore. If it was up to me it would be $T$. I guess thats why I'm their Aussie manager.,SP,Foreign talents,1
418000000,2011-04-26 08:10:12+00:00, ,6.28E+16,en,0,0,0,0,,"Sir, we are more than 2000 researchers, post graduate and undergraduate students who are stranded in India due to Singapore $T$. Semester for new academic year has already started. Please guide us.",travel restrictions,Travel restrictions,0
216000000,2021-08-12 19:25:18+00:00, ,1.43E+18,en,1,0,1,0,,"RT @ChannelNewsAsia: BREAKING: Singapore and Hong Kong agree in principle to set up #COVID19 air travel bubble, with no $T$ on tra",travel restrictions,Travel restrictions,1
68741076,2020-10-15 06:33:43+00:00, ,1.32E+18,en,0,0,0,174,,@RobertIger I know you're a busy man but want to suggest that Disney sets up a global toll free number for non-US customers to be able to cancel their park tickets due to COVID $T$. Calling a US number for a 2+ hour wait from Singapore is not a good experience,travel restrictions,Travel restrictions,-1
8.35E+17,2020-06-12 01:23:11+00:00, ,1.27E+18,en,0,0,0,1,,"RT @MsMelChen: Singapore, Hong Kong and Taiwan fought the good fight as evidenced by the flattened shape of their $T$i curves, all without l",travel restrictions,Travel restrictions,1
37004129,2020-03-25 10:14:30+00:00, ,1.24E+18,en,0,0,0,191,,"Hey, if the affected foreign team, in this case DPMM FC, cannot attend because of $T$ due to the #COVID19 virus spreading globally, then simply either postpone or cancel the Singapore Charity Shield, which now doesn't also carry 3 points in the @SGPremierLeague.",travel restrictions,Travel restrictions,0
1.17E+18,2020-02-18 10:07:53+00:00, ,1.23E+18,en,0,0,1,0,,"RT @jakesonaplane_: My Christmas Day present is an Airbus 

SQ 222 SYD-SIN

#singapore #singaporeairlines #a380 #airbus #avgeek h_?
38400130,2021-12-25 22:13:05+00:00, ,1474865808262062087,en,0,0,0,3, ,RT @ChannelNewsAsia: Commentary: Singapore travellers who postponed their Seoul $T$ holiday made a sound decision https://t.co/T6quPKpYzn h_?
1290394810126422016,2021-12-25 20:49:09+00:00, ,1474844689232584704,en,12,0,1,1, ,My Christmas Day present is an Airbus A380!",VTL,Travel restrictions,1
1500000000,2021-12-26 00:18:17+00:00, ,1.47E+18,en,0,0,0,1,,"To assuage __rowing restlessness_ over work $T$ holders and job insecurity, Singapore__ Prime Minister Lee Hsien Loong revealed plans to continue to monitor and review the city-state__ foreign labour policy. 

https://t.co/QDEYnkLoXx",work pass,Migrant workers,1
298000000,2021-09-02 03:29:59+00:00, ,1.43E+18,en,0,0,0,0,,"BREAKING: 20 May Coronavirus _ update:

570 new cases of Covid-19 in Singapore as of 12PM, 20 May, MOH preliminarily confirmed.

A majority of the cases are from $T$ holders residing in dormitories.

2 cases are Singaporeans/Permanent Residents.",work permit,Migrant workers,-1
,2020-05-20 07:09:23+00:00, ,1.26E+18,en,1,0,1,0,,"As of 9 May 2020, 12pm, we have confirmed and verified an additional 753 cases of COVID-19 infection in Singapore. Breakdown: 0 imported, 11 cases in the community, 3 $T$ holders residing outside dorms &amp; 739 $T$ holders residing in dorms. https://t.co/m0msdE2eio",work permit,Migrant workers,0
,2020-05-09 15:24:47+00:00, ,1.26E+18,en,20,3,2,12,,"#Jobs singapore job for all sector: Singapore  Vacancy  (2 years $T$)
MBA,Finance,Accountant,Cashier,A... https://t.co/ERLAlCgcnl",work permit,Migrant workers,0
,2015-12-14 00:35:07+00:00, ,6.76E+17,en,0,0,0,0,,Singapore to continue tightening inflow of $T$ holders - Channel News Asia http://t.co/c35b1Tct3E,work permit,Migrant workers,0
44290654,2014-02-18 21:04:17+00:00, ,4.36E+17,en,0,0,0,0,,"support $T$  holders who are semi skilled in construction, marine shipyards, manufacture and services  sectors. Do you know how many wp holders are in Singapore?  #intenrationalmigrantsday",wp,Migrant workers,1
1.34E+18,2018-11-23 00:47:02+00:00, ,1.07E+18,en,1,1,0,1,,"#FakeNews, #$T$ and xenophobic (of health xenophobics) come back when #COVID situation becomes more serious again in #Singapore . https://t.co/jdRzDYHD8u",xenophobia,Xenophobia and racism,-1
9.17E+17,2021-05-06 07:47:08+00:00, ,1.39E+18,en,1,0,0,1,,RT @AJStream: Many of the people featured on Singapore's public shaming sites are foreigners. Does $T$ play a role in public shaming?,xenophobia,Xenophobia and racism,-1
55118669,2015-04-01 01:08:21+00:00, ,5.83E+17,en,0,0,0,6,,"RT @straits_times: $T$ and xenophobic behaviour will become normalised if S'pore is not careful, warns Shanmugam
https://t.co/yya1EH0icc",xenophobic,Xenophobia and racism,-1
1400000000,2021-05-11 10:59:08+00:00, ,1.39E+18,en,0,0,0,22,,"@raishussin This is Serangoon Road, Singapore. Influx of foreign labourers, scream no one. We can fix the problem in the economy without turning $T$.. #JustSaying https://t.co/x0CF6zpAnu",xenophobic,Xenophobia and racism,1
,2018-01-21 04:15:38+00:00, ,9.55E+17,en,5,1,1,3,,Good piece by @kixes on $T$ anti-migrant bigotry in Singapore: https://t.co/A8aoGy514T,xenophobic,Xenophobia and racism,1
8.55E+17,2014-04-22 19:32:11+00:00, ,4.59E+17,en,0,0,0,0,,"RT @FakeSTcom: Internet lynch mob succeeds in getting woman fired?from NTUC after $T$ comments, returns to making xenophobic posts ht ...",xenophobic,Xenophobia and racism,-1
2310000000,2020-07-22 09:29:29+00:00, ,1.29E+18,en,0,0,0,47,,"
I get tired of $T$, but it will always exist ?

Never let racist people ruin your joy ?",racist,Xenophobia and racism,1
19013879,2014-03-04 12:27:30+00:00, ,4.41E+17,en,0,0,0,0,, Why the fuck do u have to be $T$?,racist,Xenophobia and racism,-1
418000000,2011-04-26 08:10:12+00:00, ,6.28E+16,en,0,0,0,0,,"Sir, we are more than 2000  researchers, post graduate and undergraduate $T$ who are stranded in India . Semester for new academic year has already started. Please guide us.",international students,Foreign talents,0
60849288,,,,,,,,,,Singapore takes our raitifeption of international treaties very seriously. Here????s what we have done on fighting $T$,racial discrimination,Xenophobia and racism,1
2570000000,2014-06-19 08:10:17+00:00, ,4.80E+17,en,0,0,0,0, ,#lmswageer Philippines Asks Singapore to Probe $T$ Blog: Philippines asks Singapore to investigate... http://t.co/NZbF2pS1aL #SIGUEME,racist,Xenophobia and racism,0
41085467,2021-03-11 15:32:03+00:00, ,1.37E+18,en,0,0,0,1, ,"Covid-19: $T$ sole community case, 7 others imported https://t.co/IMiGveHRQQ https://t.co/rGUrRAeKvl",domestic worker,Foreign domestic workers,-1
164000000,2020-08-24 22:58:16+00:00, ,1.30E+18,en,0,0,1,0, ,"@zingerfinger @TheSwedishChef4 @ChrisJC12002 What about leaving the political construct EU? That is like saying that Pakistan and Bangladesh were $T$ for separating from India, Singapore for independence from Malaysia, or Czech Republic and Slovakia were mutually 'racist' for dissolution of Czechoslovakia?",racist,Xenophobia and racism,0
3240000000,2020-11-26 05:24:29+00:00, ,1.33E+18,en,0,0,0,1269, ,RT @Nisalcansing: ?BuT bUt ThEre'S nO $T$ iN sInGaPore? https://t.co/nlLpO7IjdU,racism,Xenophobia and racism,-1
305000000,2022-02-04 17:07:12+00:00, ,1.49E+18,en,0,0,0,0, ,"The holder of a Visit work is not permited to work or engage in any business, profession or occupation without a valid $T$ or written consent from the Controller of Work permit.

Read more __ https://t.co/hQau9QIoEZ

#AsianNations #Internationalwork permit #SoutheastAsia https://t.co/xDL97hmRop",work permit,Migrant workers,-1
2510000000,2015-06-10 11:20:48+00:00, ,6.09E+17,en,0,0,0,0, ,26 arrested for overstaying in Singapore: $T$ http://t.co/m5Of4jZrRZ #asia #one http://t.co/s9UY3VnaZz,ICA,Immigration policy,-1
8.67E+17,2018-01-16 01:03:00+00:00, ,9.53E+17,en,0,0,0,0, ,"Applying for an $T$? The documents below need to be prepared for a successful employment pass application.

#Singapore #business #work #visa #Employment #employment pass",employment pass,Foreign talents,1
167000000,2021-12-15 06:44:37+00:00, ,1.47E+18,en,0,0,2,0, ,"@Minglimlin Thank you for your interest in opening an account with us.
May we check if you are Singaporean or foreigner living in Singapore on a $T$ / wp / s pass / others (please specify). ^DG",work pass,Migrant workers,0
64684768,2011-10-29 08:57:39+00:00, ,1.30E+17,en,0,0,0,0, ,(topix) Reply from $T$ http://t.co/xkUVBsG3,ICA,Immigration policy,0
1030000000,2013-04-01 08:57:05+00:00, ,3.19E+17,en,0,0,0,0, ,[CNA] $T$ to enhance inter-agency cooperation at borders: Singapore's Immigration and Checkpoints A... http://t.co/yM0bR9pzVd #singapore -,ICA,Immigration policy,1
205000000,2013-04-19 12:00:23+00:00, ,3.25E+17,en,0,0,0,0, ,DTN Singapore: $T$ warns of scammers impersonating as its officers: The Immigration &amp; Checkpoints Authority (I... http://t.co/RsBnnbWjGI,ICA,Immigration policy,0
205000000,2011-01-21 14:33:47+00:00, ,2.85E+16,en,0,0,0,0, ,DTN Singapore: $T$ officers foil smuggling attempt: SINGAPORE: Immigrations officers at the Woodlands Checkpoint... http://bit.ly/gHm38e,ICA,Immigration policy,0
966000000,2016-12-24 02:45:00+00:00, ,8.12E+17,en,0,0,0,0, ,$T$ explores automated clearance for cars - The Straits Times https://t.co/AA2N2sdJwn,ICA,Immigration policy,0
3100000000,2020-03-20 10:18:52+00:00, ,1.24E+18,en,0,0,0,29, ,"RT @iliyaizzudin: Hey brown queers of Singapore, if you have evidence/screenshots of other queers being $T$/discriminatory to you, PM me",racist,Xenophobia and racism,1
1.03E+18,2020-04-02 23:44:11+00:00, ,1.25E+18,en,0,0,0,0, ,"""$T$ouse and unmarried children (below 21 years old) of a Singapore Citizen (SC)/ Singapore Permanent Resident (SPR)"" https://t.co/ZdkYkHHyLe #_????____ #TianlongServices #Singapore #ICA https://t.co/XAQUqUE0Hg",ICA,Immigration policy,0
2510000000,2015-12-16 10:40:44+00:00, ,6.77E+17,en,0,0,0,0, ,"$T$ files police report over fake websites phishing for visa, passport numbers https://t.co/aEHWSCfpDm #today https://t.co/6Yi4TlcXW1",ICA,Immigration policy,1
152000000,2017-10-07 01:55:56+00:00, ,9.16E+17,en,0,0,0,0, ,#Singapore #Immigration - Another phone scam involving callers impersonating immigration officers: $T$ https://t.co/yLfj0VoEQH,ICA,Immigration policy,-1
1250000000,2015-01-09 02:42:49+00:00, ,5.53E+17,en,0,0,0,1, ,18 immigration offenders arrested during $T$ raid in Geylang. http://t.co/sROxc5uJad,ICA,Immigration policy,1
1.19E+18,2020-09-12 21:35:24+00:00, ,1.30E+18,en,1,0,0,2, ,"More than 3,500 electronic wristband devices issued to travellers serving stay-home notices: $T$ https://t.co/uvRpmfQnHi",ICA,Immigration policy,1
34918368,2015-12-16 11:05:33+00:00, ,6.77E+17,en,0,0,0,0, ,"$T$ warns public of fake websites that phish for passport, visa numbers https://t.co/XNH1CRC6O8",ICA,Immigration policy,1
104000000,2019-09-28 12:10:01+00:00, ,1.18E+18,en,0,0,0,0, ,"The countdown has begun for $T$'s 2nd APAC Conference in #Singapore! If you are attending this October, share this image to your network to let everyone know! #BIGCompConvo2019 #Compliance #AML #GRC #AnnualConference #Networking @MAS_sg @DiginexGlobal  @CynopsisS  @LexisNexis https://t.co/NAx69mBOK2",ICA,Immigration policy,0
38400130,2017-04-13 14:07:53+00:00, ,8.53E+17,en,8,1,0,8, ,Beware of scam callers impersonating immigration officers: $T$ https://t.co/wsB6IbC2dI,ICA,Immigration policy,-1
141000000,2018-09-19 04:33:17+00:00, ,1.04E+18,en,0,0,0,0, ,"Man jailed over forged MOM, $T$ passes https://t.co/XMP15yQMr4",ICA,Immigration policy,-1
10492052,2017-05-22 14:42:15+00:00, ,8.67E+17,en,1,0,0,1, ,"Re: casual $T$ in Singapore, here is research (2014) on how Malay-Chinese women cope with passing and acceptance https://t.co/mFirfU7wMs",racism,Xenophobia and racism,-1
542000000,2020-02-23 07:07:15+00:00, ,1.23E+18,en,1051,33,0,975, ,"Random student who is not a minority during their class part: ""There is no $T$ in Singapore."" 
Me: https://t.co/AbHOYg4IOI",racism,Xenophobia and racism,-1
398000000,2013-04-19 07:56:26+00:00, ,3.25E+17,en,0,0,0,0, ,[TRE] SDP on MOM: No U-turn on $T$ policy _ for now: Acting Minister for Manpower Tan Ch... http://t.co/vhEuG7r3bU #singapore,foreign worker,Migrant workers,1
39244726,2014-06-13 14:36:39+00:00, ,4.77E+17,en,0,0,0,1, ,"Instead of sharing (and publicizing) the link of Bloodstained Singapore blog, just report it to Blogger for $T$ https://t.co/AnURzr12AL",racism,Xenophobia and racism,1
7.31E+17,2020-10-12 17:56:17+00:00, ,1.32E+18,en,2,0,0,0, ,"@godless_mom Singapore outlaws gay sexual activity. Malaysia outlaws sodomy. Those countries are a hard fucking $T$ for me. Unless I have to go there for work, I can't in good conscience give them my money.",work pass,Migrant workers,-1
7.25E+17,2018-09-17 09:16:15+00:00, ,1.04E+18,en,0,0,0,0, ,Be careful of fake $T$ website that's phishing for your passport number https://t.co/YXSCsA8ukl,ICA,Immigration policy,-1
917000000,2013-03-22 19:13:23+00:00, ,3.15E+17,en,0,0,1,1, ,"@impzzzz Hello Nicho,I heard Singapore people everyone has hired the $T$?",maid,Foreign domestic workers,1
97237575,2012-10-09 13:02:32+00:00, ,2.56E+17,en,0,0,0,0, ,RT @STcom: Reactions to Amy Cheong'$T$ rant questioned http://t.co/rcrHS43Z http://t.co/dQ10Wzem,racist,Xenophobia and racism,-1
1.11E+18,2021-04-29 12:38:21+00:00, ,1.39E+18,en,0,0,0,105, ,RT @malaymail: Woman filmed making $T$ remarks on Singapore MRT loses her job; YouTube removes channel linked to her https://t.co/G0FIaW,racist,Xenophobia and racism,1
176000000,2012-10-16 05:04:56+00:00, ,2.58E+17,en,0,0,0,0, ,"#soccer #football Soccer-AFC apologises over use of '$T$' nickname (Reuters): SINGAPORE, Oct 16 (Reuters) - A... http://t.co/Cyih2F7v",racist,Xenophobia and racism,1
1540000000,2020-11-25 11:52:12+00:00, ,1.33E+18,en,0,0,0,25, ,RT @ryaihanny: white brits in singapore think ????settler???? is a $T$ slur. galaxy brain https://t.co/EqTwOHc8h7,racist,Xenophobia and racism,-1
7.48E+17,2018-09-14 20:56:31+00:00, ,1.04E+18,en,0,0,0,1, ,"RT @GustavsonUVic: Coming to Victoria from Germany, Singapore, Australia and more, the $T$ of the Summer Graduate Business Studies cla",international students,Foreign talents,0
8.24E+17,2021-08-01 03:42:48+00:00, ,1.42E+18,en,0,0,0,21, ,RT @TheEconomist: Racial violence is rare in Singapore; so too is overt $T$. Yet tensions have simmered for decades https://t.co,racial discrimination,Xenophobia and racism,1
63747610,2020-03-18 11:23:20+00:00, ,1.24E+18,en,1,0,0,0, ,"If $T$ rejected your (SL citizens in SG wit Visit ICA) online extension, you can get the Request letter from High commission of Srilanka  addressed to ICA Singapore. With that letter you can approach to ICA and get extension. Don't panic. #Corona #Singapore #Srilanka #Airport",ICA,Immigration policy,1
9.70E+17,2021-03-26 06:53:08+00:00, ,1.38E+18,en,0,0,0,48, ,"RT @benedictrogers: Important initiative 

All $T$ is totally wrong

Having spent much of my life in Asia - China, Hong Kong, Myanmar/Bu",racism,Xenophobia and racism,-1
39975353,2020-02-24 07:55:26+00:00, ,1.23E+18,en,0,0,0,64, ,"RT @RichardBarrow: An urgent email went out to parents, $T$ and staff of international schools last night telling them they must self",international students,Foreign talents,-1
97396839,2012-12-23 04:24:59+00:00, ,2.83E+17,en,0,0,0,0, ,"Part-Time $T$ Service (No Agency Fees) - Singapore Region, Singapore: Honest and Reliable Part-Time maid at rea... http://t.co/qjKodpep",maid,Foreign domestic workers,1
3370000000,2016-06-22 04:57:42+00:00, ,7.45E+17,en,0,0,0,0, ,#sg #jobvacancy Singapore Jobs  Drum Teachers FullParttime:    We are on the hunt for $T$... https://t.co/HP9X3zbLzz #career #singapore,employment pass,Foreign talents,1
1.34E+18,2021-05-20 11:45:14+00:00, ,1.40E+18,en,0,0,0,0, ,"@HaseenahKoya Foolish &amp; spoiled _
8 #British work $T$ holders who flouted #Covid19 rules when they took part in unlawful gathering on a yacht off #LazarusIsland last year have been banned from working (&amp; living) in #Singapore, the #MOM
#straitstimes #skynews #bbcnews
https://t.co/gyNA4IznBN",work pass,Migrant workers,-1
3140000000,2016-07-11 10:41:55+00:00, ,7.52E+17,en,0,0,0,0, ,"Apply SINGAPORE T$T$ $T$
Training plus $T$ visa duration 1 Year.
100% Sure visa
6 Months Study+ 6 Months... https://t.co/Fkl5WoMLdK",work permit,Migrant workers,0
440000000,2012-03-28 03:42:26+00:00, ,1.85E+17,en,0,0,0,0, ,"RT @LoyarBurok: RT @lawyerstalk: $T$ posts: Culprits 'tend to be young', say observers #Singapore #Malaysia http://t.co/zN42GhcC",racist,Xenophobia and racism,-1
202000000,2016-08-05 08:20:55+00:00, ,7.61E+17,en,0,0,0,80, ,RT @ChannelNewsAsia: Singapore authorities aware of terror plot to attack Marina Bay; inland and border security $T$ stepped up: MHA h_?,border measures,Travel restrictions,-1
365000000,2013-04-01 17:09:29+00:00, ,3.19E+17,en,0,0,0,0, ,#anti$T$ #news Di Canio hits back over racism claims - Yahoo! Singapore News: Yahoo! Sin... http://t.co/xNe4n8kJx2 #love @simplyslycc,racism,Xenophobia and racism,1
103000000,2020-04-06 06:15:44+00:00, ,1.25E+18,en,0,0,0,12, ,RT @ChannelNewsAsia: Solidarity Budget: $T$ Levy will be waived in April. Employers will also receive a S$750 levy rebate for ea_?,S pass  ,Foreign talents,1
900000000,2013-03-14 07:41:33+00:00, ,3.12E+17,en,0,0,0,0, ,"Budget 2013: 7,800 $T$ holders in service line to be granted skilled status: March 14, 2013 3:07 PM... http://t.co/27pExK5HEJ",work permit,Migrant workers,1
39041162,2013-04-26 15:54:37+00:00, ,3.28E+17,en,0,0,0,40, ,"RT @NeilHumphreys: $T$ in Singapore? Read this. A brave girl, and I believe every word. I've heard many of them in public: http://t.co/p",racism,Xenophobia and racism,1
1330000000,2017-06-16 13:15:21+00:00, ,8.76E+17,en,0,0,0,0, ,"Before you undertake employment in #Singapore as an #expat, make sure you have the right $T$ https://t.co/nnULKhZPnI #expattip",work permit,Migrant workers,0
166000000,2015-03-07 20:30:55+00:00, ,5.74E+17,en,0,0,0,0, ,"Within 3hrs at Your Doorst$T$ in Singapore, Part Time maid House Cleaning Service.: 

Within 3hrs at Your Doors... http://t.co/TXpaSKAALP",maid,Foreign domestic workers,1
1.25E+18,2020-11-07 05:45:54+00:00, ,1.32E+18,en,0,0,1,0, ,"I dream of a school where we teach kids about sexual consent, $T$, racial inequality, homelessness in Singapore, xenophobia against the queer community, the beauty of religious diversity, the importance of protecting it and much, much more.",xenophobia,Xenophobia and racism,-1
9.89E+17,2021-09-26 04:35:45+00:00, ,1.44E+18,en,0,0,0,0, ,"Call 93361824 to hire #$T$ in #Singapore_ maid agency portal @ https://t.co/SJuBDWZ8JS and hire your professional maid. #Housemaid #Domesticmaid #ElderlyCare #ChildCare #TopmaidAgencies #maidsInSingapore #maidagency indian maid, Myanmar maid,... https://t.co/CfmHWN2tTN",maid,Foreign domestic workers,0
1.28E+18,2021-04-28 05:17:37+00:00, ,1.39E+18,en,0,0,0,183, ,RT @TODAYonline: Police investigating incident on MRT involving woman making $T$ remarks about other commuters https://t.co/gEXxCEhyCt h,racist,Xenophobia and racism,1
341000000,2013-12-09 06:18:35+00:00, ,4.10E+17,en,0,0,0,0, ,NewsInSG: Keep $T$ and racial remarks out of conversation: Lawrence Wong: Acting Minister fo... http://t.co/Sq8dVVReWn #Singapore,xenophobia,Xenophobia and racism,1
28333959,2020-07-14 03:57:12+00:00, ,1.28E+18,en,0,0,0,17, ,"RT @STcom: S'pore, Malaysia set up commuting arrangements for long-term $T$ holders, green lane for travellers on essential business and o",S pass,Foreign talents,1
144000000,2022-01-21 14:26:26+00:00, ,1.48E+18,en,1,0,2,0, ,@airvistara can you please confirm if UK115 Delhi-Singapore is designated $T$ flight ?,VTL,Travel restrictions,0
46824669,2020-08-02 08:33:08+00:00, ,1.29E+18,en,0,0,1,0, ,"Singapore-Malaysia Border Travel 
#SingaporeCOVID19 #SingaporeMalaysia #BorderTravel
#PeriodicCommutingArrangement #ReciprocalGreenLane #GreenLane #SafeTravel #SafeTravel$T$ https://t.co/GGilUoF2Ww",border measures,Travel restrictions,0
276000000,2013-07-17 03:38:33+00:00, ,3.57E+17,en,0,0,0,0, ,PADAN MUKA KAU RT @SGnews [ST] 25 foreigners jailed for submitting forged academic certificates for work $T$es http://t.co/0DtqHA3Stw,work pass,Migrant workers,-1
1.40E+18,2021-08-03 04:01:46+00:00, ,1.42E+18,en,0,0,0,9, ,RT @TheEconomist: Racial violence is rare in Singapore; so too is overt $T$. Yet tensions have simmered for decades https://t.co,racial discrimination,Xenophobia and racism,1
1.26E+18,2021-08-06 13:14:22+00:00, ,1.42E+18,en,1,0,0,0, ,"#singapore #$T$ #passport #400x514photo #passportphoto
Passport photo in Singapore?
Save up to 100% of the time using online passport photo services!
Visafoto automatically sets the photo size, head size and background.
Get a #Singaporepassport photo:
https://t.co/LJtvobSWtm https://t.co/XZxMLOd7ht",ICA,Immigration policy,1
56870353,2017-11-24 05:23:08+00:00, ,9.34E+17,en,0,0,0,0, ,"HR Executive (Contract _ 1 Year): Allianz Asia Pacific
 Location : Singapore S00 SG
 Singapore Work $T$... https://t.co/9HoJCxzuk9",work pass,Migrant workers,0
802000000,2021-03-15 16:41:17+00:00, ,1.37E+18,en,0,0,0,49, ,RT @pauriahcarey: (From a friend) @VICE journal @heatherchen_ is looking for people who have encountered instances of $T$ in the rental,racism,Xenophobia and racism,0
135000000,2011-09-29 04:22:51+00:00, ,1.19E+17,en,0,0,0,0, ,"55@$T$: Making Money from the Internet _ 30 SSP: This Friday, Singapore Polytechnic will organize an Entrepreneur... http://t.co/dfaYFGJ8",SP,Foreign talents,0
136000000,2011-04-05 16:17:01+00:00, ,5.53E+16,en,0,0,0,0, ,Soft' Singapore soldier 'sorry' over $T$ incident http://p.ost.im/p/GH7re,maid,Foreign domestic workers,1
270000000,2014-03-05 15:26:03+00:00, ,4.41E+17,en,0,0,0,0, ,"Only holders of a valid #Employment #$T$ may #work in #Singapore. There are 4 types of work #visas (P1, P2, Q1 &amp; S) http://t.co/YBR48j05Rz",work pass,Migrant workers,-1
9.07E+17,2017-09-14 10:01:17+00:00, ,9.08E+17,en,0,0,0,0, ,"Singapore Immigration $T$ Visa Consultants in Hyderabad Singapore Visit Visa Job Seeker Visa
 https://t.co/fUOuN5mG7c https://t.co/ctV4IkWg4a",work permit,Migrant workers,1
94243838,2010-09-24 13:28:25+00:00, ,25400000000,en,0,0,0,0, ,Singapore $T$: Visa for Foreign Entrepreneurs: AsiaBizServices is the leading Business Solutions provi... http://bit.ly/9nQEG9,employment pass,Foreign talents,1
240000000,2014-01-15 04:11:00+00:00, ,4.23E+17,en,0,0,0,4, ,RT @TODAYonline: #VoicesTODAY asks: How big a problem is $T$ in Singapore? What is fuelling it? Let us know here or at http://t.co/o,xenophobia,Xenophobia and racism,-1
1.04E+18,2019-05-05 05:07:34+00:00, ,1.12E+18,en,0,0,0,46, ,RT @Jaiya_zuruck: I also want to tell my fellow non-dominant groups to not bash the entire dominant group in Singapore. Fighting $T$ bac,racism,Xenophobia and racism,0
24650758,2012-10-09 22:01:31+00:00, ,2.56E+17,en,0,0,0,0, ,"Standing up against $T$ is the easy test, Singapore government needs to show its true colours http://t.co/e8JDr5Tq #singapore",racism,Xenophobia and racism,1
317000000,2019-08-08 14:44:59+00:00, ,1.16E+18,en,0,0,0,0, ,"Recent immigration updates include additions to the shortage occupation list in the United Kingdom, a
pilot scheme to facilitate $T$ applications for tech companies in
Singapore, and a new work visa category in Japan fohttps://t.co/trrFf84emP https://t.co/UHBH6WM9jH",employment pass,Foreign talents,1
2490000000,2014-10-18 12:19:36+00:00, ,5.23E+17,en,0,0,0,0, ,[News] $T$ curbs could hit Singapore's growth and competitiveness: IMF | http://t.co/8I5bLnpz4D http://t.co/4zlnTz3VoL,foreign worker,Migrant workers,-1
63859559,2014-06-29 00:30:07+00:00, ,4.83E+17,en,0,0,0,0, ,Buy a discount $T$ at Singapore's malls http://t.co/qCIeCJLwC2 via @@ajenglish,maid,Foreign domestic workers,1
1.27E+18,2020-09-01 03:08:20+00:00, ,1.30E+18,en,0,0,0,0, ,"Intentionally or not, $T$ ideas and worldviews are perpetuated through families.

You have to do better.

Give the children a shot at a better future

#racistinsingapore  #racist #Singapore #brownlivesmatter https://t.co/0vr00AtROU",racist,Xenophobia and racism,1
1.10E+18,2021-06-26 00:14:03+00:00, ,1.41E+18,en,0,0,0,3, ,"RT @republic: Chinese community must be sensitive towards minorities: Singapore min amid $T$ episode

https://t.co/97qERcRu3n",racism,Xenophobia and racism,-1
5904602,2016-07-07 12:22:01+00:00, ,7.51E+17,en,0,0,0,0, ,"In Singapore, this is sensational news (robber is a Caucasian man. Wonder if $T$ comments started) #hotpress  https://t.co/l8ROlnrScG",xenophobic,Xenophobia and racism,0
215000000,2011-12-20 08:17:56+00:00, ,1.49E+17,en,0,0,0,0, ,Wanted Urgently: Indian Landscaper to work under $T$ ( Singapore ) - Jobs in Singapore - http://t.co/7I5mGcOH,EP,Foreign talents,1
121000000,2012-04-04 02:29:59+00:00, ,1.87E+17,en,0,0,0,0, ,[jglobe] Singapore Makes Changes to Indonesian $T$ Policies http://t.co/SgSzrBCe,maid,Foreign domestic workers,1
2365991,2011-12-15 03:24:11+00:00, ,1.47E+17,en,0,0,1,0, ,@KitDeluc i'm definitely going to singapore in 2012 based on the first layover $T$.,EP,Foreign talents,1
3250000000,2015-12-17 14:50:51+00:00, ,6.78E+17,en,0,0,0,0, ,Singapore $T$ Application Process https://t.co/UWwglSyvol,employment pass,Foreign talents,0
993000000,2014-08-19 07:06:28+00:00, ,5.02E+17,en,0,0,0,0, ,"RT_ Arrests of immigration offenders down, smuggling cases up: $T$: The number of immig... http://t.co/FCwGZAYpOn http://t.co/iqDU9tZTrx",ICA,Immigration policy,1
2240000000,2014-05-28 06:18:32+00:00, ,4.72E+17,en,0,0,0,0, ,"Civil society organisations put out statement against $T$, xenophobia http://t.co/q5H5r6q4RN",xenophobia,Xenophobia and racism,1
3140000000,2016-07-01 09:41:22+00:00, ,7.49E+17,en,0,0,0,0, ,"SINGAPORE SKILLED $T$(S PASS)

Required IT SUPPORT
- INSTALL, CONFIGURE, UPGRADE AND MAINTAIN END-USER... https://t.co/1aBg3bI1Qz",S pass,Foreign talents,-1
38400130,2019-08-08 10:08:34+00:00, ,1.16E+18,en,4,1,1,3, ,22 arrested for immigration offences in 3-day $T$ operation https://t.co/X14DhlC4ZP https://t.co/LQmLOBfBZ8,ICA,Immigration policy,1
363000000,2021-05-23 03:41:08+00:00, ,1.40E+18,en,0,0,0,0, ,The Queen. - MOM apologises to Jade Rasif for saying her account of $T$ with COVID-19 was 'inaccurate' https://t.co/Mo4UY6fune,maid,Foreign domestic workers,-1
85236835,2015-01-01 07:31:28+00:00, ,5.51E+17,en,0,0,0,0, ,"Work Holiday $T$ - Details of eligibility, the process and paperwork needed to apply for a Work Holiday pass (WHP) http://t.co/BifkY5toXZ",work pass,Migrant workers,0
2350000000,2017-08-20 01:45:26+00:00, ,8.99E+17,en,0,0,0,0, ,"#Singapore 

$T$ is not unique Mr Goh..? https://t.co/h507AgdH3x",racism,Xenophobia and racism,-1
591000000,2016-10-26 10:06:02+00:00, ,7.91E+17,en,0,0,0,0, ,Singaporean TV Channel forced to apologise twice for $T$ ????blackface???? scene https://t.co/0VP72Vd3ik #racism #singapore #medianews https://t.co/5xUV1Yvw0X,racism,Xenophobia and racism,-1
127000000,2016-12-08 13:57:48+00:00, ,8.07E+17,en,1,0,0,0, ,How abt think out of __ 4 solutions &amp; no '$T$' to carry school bags incl. backpacks when in military svc? #Education https://t.co/rAJyVPMt6e,maid,Foreign domestic workers,1
1450000000,2014-05-14 13:55:47+00:00, ,4.67E+17,en,0,0,0,0, ,"$T$, S PASS, E PASS in Singapore http://t.co/aVRmcvCqW3 http://t.co/41Nl8h68p6",S pass,Foreign talents,0
8.58E+17,2020-01-03 08:31:20+00:00, ,1.21E+18,en,0,0,0,218, ,RT @squishteez: HELLO I just landed and gUESS WHAT SINGAPORE AIRLINES HAS ATEEZ $T$ FIN :D https://t.co/vJwlNy5Z48,EP,Foreign talents,1
1.02E+18,2021-04-27 07:56:42+00:00, ,1.39E+18,en,0,0,0,1, ,Police investigating alleged $T$ and harassment in incidents in S'pore linked to YouTube channel https://t.co/rjaAzYbmc2,racism,Xenophobia and racism,1
2960000000,2019-09-22 00:35:45+00:00, ,1.18E+18,en,0,0,1,0, ,@InleungL @appledaily_hk I am not sure about the $T$ part.  Japan is famed for  that with the textbooks on WW2. ????Patriotism???? has always been part of Chinese culture starting with Confucianism (way before communism). Countries like Singapore and USA also has patriotic eduction ingrained in them.,xenophobic,Xenophobia and racism,1
22174537,2012-11-10 11:18:53+00:00, ,2.67E+17,en,0,0,0,0, ,Patiently waiting in que to $T$ by the Singapore's immigration. http://t.co/9Hb2lx5H,S pass,Foreign talents,1
966000000,2016-07-01 05:30:08+00:00, ,7.49E+17,en,0,0,0,0, ,Expect delays at land checkpoints during Hari Raya Puasa: $T$ - The Straits Times https://t.co/iGAWcf9SO3,ICA,Immigration policy,-1
248000000,2013-02-17 11:32:55+00:00, ,3.03E+17,en,0,0,0,0, ,Sadees is one of the best Indian traceurs in Singapore....and I'm not lying nor being $T$. #fact,racist,Xenophobia and racism,1
436000000,2021-03-09 15:43:10+00:00, ,1.37E+18,en,0,0,0,87, ,"RT @tenderculture: I thought SG minorities were using ""Chinese Privilege"" to talk about institutionalised $T$ in Singapore, but apparent",racism,Xenophobia and racism,-1
44916344,2015-12-24 07:55:32+00:00, ,6.80E+17,en,0,0,0,0, ,"#fb $T$ nabs three Singaporeans attempting to smuggle contraband cigarettes: SINGAPORE, Dec 24 _ Immigration &amp;... https://t.co/fmTQwAXQtP",ICA,Immigration policy,1
58435187,2009-08-03 15:48:58+00:00, ,3110000000,en,0,0,0,0, ,[News] $T$ increases smuggling checks in Singapore waters: SINGAPORE: The Immigration and Checkpoints Auth.. http://bit.ly/4pmpSZ,ICA,Immigration policy,0
