author id,created_at,geo,id,lang,like_count,quote_count,reply_count,retweet_count,source,tweet,employment pass holder,,,,,
71755234,2009-09-11 14:49:01+00:00, ,3912306381,en,0,0,0,0, ,What Are The Procedures Needed For Recruiter To Do Placement For Employment Pass Holder In Singapore?: Does recr.. http://bit.ly/qD3tD,employment pass holder,,,,,
6788412,2009-09-11 13:02:14+00:00, ,3910458572,en,0,0,0,0, ,What Are The Procedures Needed For Recruiter To Do Placement For Employment Pass Holder In Singapore? http://ff.im/-7WMsD,employment pass holder,,,,,
15919418,2010-06-24 10:59:21+00:00, ,16920980199,en,0,0,0,0, ,SBI Singapore won't let me open an account since I am on DependentPass. The Employment pass holder has to be first holder of account.,employment pass holder,,,,,
172780703,2010-10-04 22:41:04+00:00, ,26401776543,en,0,0,0,0, ,What are the procedures needed for recruiter to do placement for employment pass holder in Singapore? http://bit.ly/c2jDZE,employment pass holder,,,,,
219471220,2011-02-17 22:01:57+00:00, ,3.83575E+16,en,0,0,0,0, ,@askairasia sin-kl and same day kl-cok.. indian citizen..singapore employment pass holder..no malaysia visa.. can i transit without visa?,employment pass holder,,,,,
219471220,2011-02-16 01:04:39+00:00, ,3.76787E+16,en,0,0,0,0, ,#airasia I am flying to KL from Singpore and then to Kochi from KL (same day). I am an employment pass holder in singapore.. do i need visa?,employment pass holder,,,,,
204335409,2012-01-12 03:29:11+00:00, ,1.57303E+17,en,0,0,0,0, ,"Starting Jan 1st 2012, the qualifying salary for the #E-Pass holder in #Singapore will be increased.. http://t.co/SrnCXzkC #passes #visas",employment pass holder,,,,,
849227371,2013-01-21 09:54:03+00:00, ,2.93295E+17,en,0,0,0,0, ,A Singapore Employment Pass holder can travel in &amp; out of Singapore with minimum hassle during immigration.http://t.co/3xWdpY4a #immigration,employment pass holder,,,,,
849227371,2013-01-18 09:53:49+00:00, ,2.92208E+17,en,0,0,0,0, ,"With an Employment Pass, the pass holder can travel in &amp; out of Singapore with minimum hassle during immigration.http://t.co/Ldc1dX1N‚Ä?
849227371,2013-01-17 11:52:04+00:00, ,291875530880475136,en,0,0,0,0, ,Employment Pass can be valid for 1 or 2 years",employment pass holder,,,,,
849227371,2013-02-04 13:35:04+00:00, ,2.98424E+17,en,0,0,0,0, ,An Employment Pass holder can travel in &amp; out of Singapore with minimum hassle during immigration. http://t.co/3xWdpY4a #Singapore #workpass,employment pass holder,,,,,
1104080168,2013-03-14 13:34:48+00:00, ,3.12195E+17,en,0,0,0,1, ,RT @peter_onevisa: The Personalised Employment Pass holder does not have to cancel and re-apply for a new visa each time.http://t.co/Oq8 ...,employment pass holder,,,,,
849227371,2013-03-14 13:32:24+00:00, ,3.12195E+17,en,0,0,1,1, ,The Personalised Employment Pass holder does not have to cancel and re-apply for a new visa each time.http://t.co/Oq8WgIoAgL #visa,employment pass holder,,,,,
849227371,2013-04-08 07:26:23+00:00, ,3.21162E+17,en,0,0,0,0, ,The Personalised Employment Pass holder does not have to cancel and re-apply for a new visa each time.http://t.co/Oq8WgIoAgL #visa,employment pass holder,,,,,
849227371,2013-05-05 03:55:29+00:00, ,3.30893E+17,en,0,0,0,1, ,"Employment Pass can be valid for 1 or 2 years, and is renewable as long as the pass holder remains employed.http://t.co/7z3nGNStrs  #Visa",employment pass holder,,,,,
849227371,2013-05-03 12:01:24+00:00, ,3.30291E+17,en,0,0,0,0, ,"Employment Pass can be valid for 1 or 2 years, and is renewable as long as the pass holder remains employed.http://t.co/7z3nGNStrs #Visa",employment pass holder,,,,,
706917103,2013-07-24 09:20:26+00:00, ,3.59966E+17,en,0,0,1,0, ,My answer to What is the chance that an Employment Pass holder can continue working in Singapore with his Employment‚Ä?http://t.co/C1u4iPRdJ3,employment pass holder,,,,,
68137157,2015-02-05 05:40:02+00:00, ,5.6321E+17,en,0,0,0,0, ,Living in #Singapore as a Dependent's Pass Holder grants you options in #employment &amp; #living http://t.co/uWMEz4kNP8,employment pass holder,,,,,
269873967,2015-02-05 04:31:41+00:00, ,5.63193E+17,en,1,0,0,0, ,Living in #Singapore as a #DependantPass holder? Know your employment/startup options in this @rikvinsg infographic: http://t.co/RUr0SQADYb,employment pass holder,,,,,
2668360128,2015-06-05 06:27:50+00:00, ,6.06709E+17,en,0,0,0,0, ,Can an employment pass holder or PR drive an @Uber or uberX in Singapore?,employment pass holder,,,,,
117599242,2016-03-13 13:36:32+00:00, ,7.0901E+17,en,0,0,0,0, ,My @Quora answer to Can an existing employment pass holder be a director of another company in Singapore? https://t.co/bmydtX42Rv,employment pass holder,,,,,
24471474,2016-07-27 09:36:05+00:00, ,7.58234E+17,en,0,0,0,0, ,"Can an employment pass holder be a director of Singapore-registered company? Ask MoM.

Can an employment pass... https://t.co/YpFOfol58k",employment pass holder,,,,,
1965372613,2016-11-29 19:35:12+00:00, ,8.03684E+17,en,0,0,0,0, ,Changes in Singapore employment pass rules. @PwC_LLP has th #globalmobility insights here: https://t.co/9EmsvBfSLD https://t.co/fGQBvWBSWk,employment pass holder,,,,,
68137157,2017-01-25 07:45:06+00:00, ,8.24161E+17,en,0,0,0,0, ,"Are you an #EmploymentPass holder and want to Take up secondary directorship in Singapore?
Check this Link : 
https://t.co/oQCAGwnijf https://t.co/vgrIF5rxVZ",employment pass holder,,,,,
14710559,2017-06-27 09:38:27+00:00, ,8.79635E+17,en,0,0,0,0, ,"My answer to As an S Pass/Employment Pass holder, would it be possible to apply for offshore freelance work while i‚Ä?https://t.co/i707XWES75",employment pass holder,,,,,
212790576,2017-07-24 06:47:51+00:00, ,8.89377E+17,en,0,0,0,0, ,@MAECgob how can an Indian apply for Spain visa in Singapore? Employment pass holder?,employment pass holder,,,,,
8.673E+17,2017-12-21 01:11:00+00:00, ,9.4365E+17,en,0,0,0,0, ,"Have you got your Notification Letter yet? If you're an Employment Pass holder, you're going to need one before you can start work:
https://t.co/BWyO7mYXEI

#Singapore #business #work #visa https://t.co/EGxgkBDuXH",employment pass holder,,,,,
9.65242E+17,2018-02-18 17:28:25+00:00, ,9.65277E+17,en,0,0,0,0, ,"SINGAPORE PERMANENT RESIDENT APPLY?

‚Ä?HOW TO SUBMIT AN APPEAL IF YOUR SINGAPORE PR APPLICATION IS REJECTED: HOLDER OF AN EMPLOYMENT PASS OR S PASS

JOB SINGAPORE URGENT RECRUITMENT NEEDED FRESHER/EXPERIENCED

S PASS, EMPLOYMENT PASS,
WORK PERMIT

 100% ‡Æµ‡ØÜ‡Æ±‡Øç‡Æ±‡Æø ‡Æ®‡Æø‡Æö‡Øç‡Æö‡ÆØ‡ÆÆ‡Øç https://t.co/jaScRVFDJa",employment pass holder,,,,,
9.65242E+17,2018-02-18 17:22:32+00:00, ,9.65275E+17,en,0,0,1,0, ,"SINGAPORE PERMANENT RESIDENT APPLY?
‚Ä?HOW TO SUBMIT AN APPEAL IF YOUR SINGAPORE PR APPLICATION IS REJECTED: HOLDER OF AN EMPLOYMENT PASS OR S PASS

JOB SINGAPORE URGENT RECRUITMENT NEEDED FRESHER/EXPERIENCED

S PASS, EMPLOYMENT PASS,
WORK PERMIT

 100% ‡Æµ‡ØÜ‡Æ±‡Øç‡Æ±‡Æø ‡Æ®‡Æø‡Æö‡Øç‡Æö‡ÆØ‡ÆÆ‡Øç) https://t.co/pQzOkZz0dn",employment pass holder,,,,,
9.65242E+17,2018-02-18 15:52:11+00:00, ,9.65253E+17,en,0,0,0,0, ,"SINGAPORE PERMANENT RESIDENT APPLY?
‚Ä?HOW TO SUBMIT AN APPEAL IF YOUR SINGAPORE PR APPLICATION IS REJECTED : HOLDER OF AN EMPLOYMENT PASS OR S PASS

JOB SINGAPORE URGENT RECRUITMENT NEEDED FRESHER/EXPERIENCED

S PASS,
 EMPLOYMENT PASS,

WORK PERMIT FOR FOREIGN WORKER https://t.co/EN3uuHdmL3",employment pass holder,,,,,
9.65242E+17,2018-02-18 15:42:30+00:00, ,9.6525E+17,en,0,0,0,0, ,"SINGAPORE PERMANENT RESIDENT APPLY?

‚Ä?HOW TO SUBMIT AN APPEAL IF YOUR SINGAPORE PR APPLICATION IS REJECTED: HOLDER OF AN EMPLOYMENT PASS OR S PASS

JOB SINGAPORE URGENT RECRUITMENT NEEDED FRESHER/EXPERIENCED

S PASS, EMPLOYMENT PASS,
WORK PERMIT
100% SUCCESSES
‡Æµ‡ØÜ‡Æ±‡Øç‡Æ±‡Æø ‡Æ®‡Æø‡Æö‡Øç‡Æö‡ÆØ‡ÆÆ‡Øç https://t.co/LrdoVROWxV",employment pass holder,,,,,
437798374,2018-02-04 04:50:04+00:00, ,9.60013E+17,en,0,0,0,0, ,#Singapore: The MOM said it will only accept requests to update employee salary info during the employment pass renewal process unless the salary reaches the level required for the pass holder to sponsor family members. https://t.co/HFyDcQQppi https://t.co/pY5dAXpIRn,employment pass holder,,,,,
437798374,2018-02-02 18:20:10+00:00, ,9.59492E+17,en,0,0,0,0, ,#Singapore: The MOM said it will only accept requests to update employee salary info during the employment pass renewal process unless the salary reaches the level required for the pass holder to sponsor family members. https://t.co/HFyDcQQppi https://t.co/ckLhqQisSt,employment pass holder,,,,,
437798374,2018-02-02 05:10:05+00:00, ,9.59293E+17,en,0,0,0,0, ,#Singapore: The MOM said it will only accept requests to update employee salary info during the employment pass renewal process unless the salary reaches the level required for the pass holder to sponsor family members. https://t.co/HFyDcQyO0I https://t.co/sp4hXTxH3W,employment pass holder,,,,,
291609629,2018-11-19 00:39:57+00:00, ,1.06432E+18,en,0,0,0,0, ,Singapore is an open society that welcomes foreign talent. However if you are crew of one boat it is illegal for you work as day worker on another. Likewise for Employment Pass holder. You can use your boyfriends company to get EP BUT you can‚Äôt work for another organization.,employment pass holder,,,,,
201547768,2020-01-17 05:14:20+00:00, ,1.21804E+18,en,0,0,0,0, ,Dying in Singapore ‚Ä?as an EP holder https://t.co/SnCJifRmwB,employment pass holder,,,,,
177950541,2020-03-04 09:46:40+00:00, ,1.23514E+18,en,0,0,0,0, ,"@davidwade They need to take a leaf out of the Singapore book. As an employment pass holder , if you are caught not adhering to the rules of the quarantine , you will be kicked out of the country.",employment pass holder,,,,,
49891283,2020-04-24 07:31:02+00:00, ,1.25359E+18,en,0,0,0,0, ,"@leehsienloong Dear Sir, I am Singapore Employment pass holder stuck up alone in Singapore, My dependents, My wife and my 3 year old daughter are stuck up in Delhi (India). They were come back to SG but are not able to. There are many other cases like me. Please Help us!",employment pass holder,,,,,
49891283,2020-04-24 07:29:32+00:00, ,1.25359E+18,en,0,0,1,0, ,"@IndiainSingapor  I am Singapore Employment pass holder stuck up alone in Singapore, My dependents My wife and my 3 year old daughter are stuck up in Delhi. They were come back to Singapore but are not able to. There are many other cases like me. Please Help us!",employment pass holder,,,,,
49891283,2020-04-24 07:28:31+00:00, ,1.25359E+18,en,0,0,0,0, ,"@JawedAshraf5 Dear, High Commissioner Sir, I am Singapore Employment pass holder stuck up alone in Singapore, My dependents My wife and my 3 year old daughter are stuck up in Delhi. They were come back to SG but are not able to. There are many other cases like me. Please Help us!",employment pass holder,,,,,
1.21489E+18,2020-04-14 16:27:11+00:00, ,1.2501E+18,en,0,0,0,1, ,"RT @timisiytangco: This is today‚Äôs report on new Covid-19 cases in Singapore. It just occurred to me that of all countries, only SG breaks‚Ä?
6463512,2020-04-14 14:31:19+00:00, ,1250069128192438273,en,2,0,0,1, ,This is today‚Äôs report on new Covid-19 cases in Singapore. It just occurred to me that of all countries",employment pass holder, Permanent Resident, Work Permit Holder, S-Pass, Dependent Pass, Employment Pass. https://t.co/PiE4lj8zQo"
8.673E+17,2020-04-02 10:10:49+00:00, ,1.24565E+18,en,0,0,0,0, ,"Singapore's Ministry of Manpower requires all employers to request approval to enable foreign employees or their dependents to enter Singapore if the pass holder plans to enter Singapore. 
https://t.co/ScPurjKcnq
#SingaporeCompany 
#BusinessInSingapore 
#Incorporation https://t.co/Y2XkTlFRdM",employment pass holder,,,,,
1.22853E+18,2020-06-17 08:07:32+00:00, ,1.27317E+18,en,0,0,0,0, ,"@HardeepSPuri @MoCA_GoI @MEAIndia @PIB_India @IndiainChicago @IndiainSingapor @CGIFrankfurt @airindiain @AAI_Official @IndEmbDoha @Indemb_Muscat @hcikl @HCIMaldives Sir we are requesting to you that how you bring the citizen from different countries..you also can arrange the flight for those who want to go Singapore..like work permit holder and employment pass holder who have valid pass..
Regards
Thanks",employment pass holder,,,,,
9.37377E+17,2020-09-28 01:10:53+00:00, ,1.31039E+18,en,0,0,4,0, ,@leehsienloong Hello Sir. I am glad you raised the significance of employment pass holder in the parliament speech. I am an employment pass holder since may 2019. I am living in Singapore since then and loved living and working there at my company DNV GL. (To be continued),employment pass holder,,,,,
321441879,2020-09-07 04:52:47+00:00, ,1.30283E+18,en,0,0,0,0, ,"Start a business on an employment pass in Singapore. Read on to know what it exactly means.

Learn More:- https://t.co/ds0ulYjgab

#offshorecompanyincorporation #registercompany #SBSConsulting #incorporation #CompanyIncorporation https://t.co/aj0SffIfUh",employment pass holder,,,,,
1.31121E+18,2020-10-07 19:21:03+00:00, ,1.31392E+18,en,0,0,0,0, ,What is the minimum salary that a Personalised Employment Pass (PEP) holder needs to earn annually in Singapore? https://t.co/q7WZGDnDco,employment pass holder,,,,,
44078181,2020-11-18 06:24:46+00:00, ,1.32895E+18,en,4,0,1,0, ,"""Unlike the Employment Pass where an individual is tied to a particular job or employer, Tech.Pass will be personal to the holder and allow them to move between roles and employers - a flexibility meant to make Singapore more attractive to such talent."" https://t.co/GPvaNulJzV",employment pass holder,,,,,
27404490,2021-01-28 13:03:04+00:00, ,1.35478E+18,en,0,0,1,0, ,Jail for returning employment pass holder nabbed at Singapore Changi Airport with cannabis vape pen https://t.co/p0ncjT9FWV,employment pass holder,,,,,
469846781,2021-01-28 12:57:28+00:00, ,1.35478E+18,en,0,0,0,0, ,Jail for returning employment pass holder nabbed at Singapore Changi Airport with cannabis vape¬†pen https://t.co/R3CuqHH97h,employment pass holder,,,,,
2757351,2021-01-28 04:18:10+00:00, ,1.35464E+18,en,0,0,0,2, ,"RT @_deepakanand: üá∏üá¨: Stark and unfortunate reminder about differing and strict #cannabis laws across the üåè:

Canadian man jailed for 4 mon‚Ä?
1052677133313761281,2021-01-28 01:15:08+00:00, ,1354598854851751938,en,0,0,0,2, ,RT @_deepakanand: üá∏üá¨: Stark and unfortunate reminder about differing and strict #cannabis laws across the üåè:",employment pass holder,,,,,
23169385,2021-01-28 00:54:02+00:00, ,1.35459E+18,en,8,1,2,2, ,"üá∏üá¨: Stark and unfortunate reminder about differing and strict #cannabis laws across the üåè:

Canadian man jailed for 4 months for importing a single THC vape pen with just 0.35g of THC into Singapore:

https://t.co/FHHgwhFojN https://t.co/2YFLCJAxCJ",employment pass holder,,,,,
41085467,2021-01-27 11:46:33+00:00, ,1.3544E+18,en,4,0,1,1, ,Jail for returning employment pass holder nabbed at Changi Airport with cannabis vape pen https://t.co/ieRrBWqWLb https://t.co/KAJntVMZfP,employment pass holder,,,,,
41085467,2021-01-27 11:27:33+00:00, ,1.35439E+18,en,1,0,0,0, ,Jail for returning Employment Pass holder nabbed at Changi Airport with cannabis vape pen https://t.co/ieRrBWqWLb https://t.co/jo5h9cPWLJ,employment pass holder,,,,,
321441879,2021-01-16 11:08:02+00:00, ,1.3504E+18,en,0,0,0,0, ,"Start a business on an employment pass in Singapore. Read on to know what it exactly means.

Visit Now- https://t.co/NlUNZwg6lx

#singaporeincoporation #SBSConsulting #singapore #companyregistration #business #employmentpass https://t.co/Gkfmm4t91q",employment pass holder,,,,,
1.30629E+18,2021-02-15 17:32:00+00:00, ,1.36137E+18,en,0,0,0,0, ,"5 changes that a personalised employment pass holder must notify

If you are looking to work in Singapore, you will definitely need to get a work visa.

#employment #workinsingapore #workvisa #renaigroup

https://t.co/gM2BRDaQq3",employment pass holder,,,,,
7.17799E+17,2021-02-02 13:24:18+00:00, ,1.35659E+18,en,0,0,0,0, ,Jail for returning employment pass holder nabbed at Singapore Changi Airport with cannabis vape pen https://t.co/JCxaT4eOwI via @TODAYonline,employment pass holder,,,,,
1.14144E+18,2021-04-01 11:24:04+00:00, ,1.37758E+18,en,0,0,0,2, ,"RT @TODAYonline: Employment pass holder jailed 4 weeks, fined for molesting, harassing colleague who spoke no English https://t.co/bwEmdbrx‚Ä?
809083181601275907,2021-04-01 07:52:43+00:00, ,1377529344499802112,en,0,0,0,0, ,Employment pass holder jailed 4 weeks",employment pass holder, harassing colleague who spoke no ... https://t.co/masISHRSRw #singapore #jobs",,,,
9.22353E+17,2021-04-01 06:43:03+00:00, ,1.37751E+18,en,0,0,0,0, ,"Employment pass holder jailed 4 weeks, fined for molesting, harassing colleague who spoke no English https://t.co/AARCqZWKA8 https://t.co/POAUGUsrex",employment pass holder,,,,,
1.01546E+18,2021-04-01 04:37:32+00:00, ,1.37748E+18,en,0,0,0,0, ,"Employment pass holder jailed 4 weeks, fined for molesting, harassing colleague who spoke no English https://t.co/UfqdfEgEF7",employment pass holder,,,,,
41085467,2021-04-01 04:34:34+00:00, ,1.37748E+18,en,3,3,1,2, ,"Employment pass holder jailed 4 weeks, fined for molesting, harassing colleague who spoke no English https://t.co/bwEmdbrxND https://t.co/L6Z158s9yR",employment pass holder,,,,,
2980018630,2021-05-13 12:00:09+00:00, ,1.39281E+18,en,1,0,0,0, ,"On May 1, 2021, Singapore implemented a new rule affecting Dependant‚Äôs  Pass (DP) holders working in the country. The regulation changes the requirements for DP holders seeking employment in Singapore. https://t.co/hWhs2SEb6A via @velocity_global #globalpayroll #payroll",employment pass holder,,,,,
2980018630,2021-05-12 18:37:20+00:00, ,1.39255E+18,en,1,0,0,0, ,"On May 1, 2021, Singapore implemented a new rule affecting Dependant‚Äôs  Pass (DP) holders working in the country. The regulation changes the requirements for DP holders seeking employment in Singapore. https://t.co/fOOM16vSdr via @velocity_global #globalpayroll #payroll",employment pass holder,,,,,
1.35098E+18,2021-06-16 23:42:22+00:00, ,1.40531E+18,en,0,0,1,0, ,"COVID quarantine procedures confusing, inconsistent: Singapore residents https://t.co/Lp30gcHrqw via @yahoosg This Elaine is a spilt brat. She thinks highly of herself and doesnt want to be inconvenienced. She is an employment pass holder. Not happy she can go back.",employment pass holder,,,,,
7.14172E+17,2021-06-09 16:38:57+00:00, ,1.40267E+18,en,0,0,1,0, ,"@andnowsheisnot @charlot79848103 @andrew_lilico I‚Äôm not a tourist, I‚Äôm going to be a training employment pass holder. I haven‚Äôt been able to get to Singapore and was meant to be there last September, please do not insult me any more by claiming the borders aren‚Äôt shut.",employment pass holder,,,,,
1.33114E+18,2021-06-01 05:48:19+00:00, ,1.3996E+18,en,0,0,0,0, ,"Yes. You need to have at least 1 #localdirector who is either a natural resident of #Singapore or a permanent resident or holder of an Employment Pass, EntrePass, or a Dependant‚Äôs pass, in order to incorporate a company in Singapore. https://t.co/91kQKHytDt",employment pass holder,,,,,
1.14301E+18,2021-08-16 01:05:54+00:00, ,1.42707E+18,en,2,0,1,0, ,"@_digit_ @CoinDesk @egreechee @Bloomberg He is a Permanent Resident (PR) holder, not a Singapore Citizen. Vast difference.

Bloomberg are correct, you are taxed like a Singapore Citizen as a PR and Employment Pass (EP) holder, like myself. üëç",employment pass holder,,,,,
1.28641E+18,2021-08-01 23:59:42+00:00, ,1.42198E+18,en,9,0,0,0, ,"When I started teaching in Singapore, I was on expatriate contract. Yet I was never called an expat like my other colleagues with the same contract. I was an EP (Employment Pass) holder. https://t.co/s5SARazffq",employment pass holder,,,,,
4257667395,2022-02-16 05:51:49+00:00, ,1.49383E+18,en,0,0,0,1, ,"RT @rikvinsg: Are you a Depentant's Pass (DP) holder in #Singapore and seeking #employment? You may not be aware, but you have 3 #WorkVisa‚Ä?
68137157,2022-02-16 05:50:11+00:00, ,1493825011807047681,en,1,0,0,1, ,Are you a Depentant's Pass (DP) holder in #Singapore and seeking #employment? You may not be aware",employment pass holder,,,,,
author id,created_at,geo,id,lang,like_count,quote_count,reply_count,retweet_count,source,tweet,employment pass holder,,,,,
25265272,2009-06-23 09:08:04+00:00, ,2292368075,en,0,0,0,0, ,Jr. DB2 DBA (Open to EP / SVP holder) -- PGI Infotech Pte. Ltd. -- Singapore #jobs ... http://is.gd/1a1J5,employment pass holder,,,,,
24209918,2009-12-03 06:41:14+00:00, ,6296383824,en,0,0,0,0, ,"Urgently looking out for Peoplesoft DBA &  Mainframe Storage Admin. Singapore, Singapore PRs/SPASS and EP holder may apply",employment pass holder,,,,,
137409140,2010-09-04 12:55:45+00:00, ,22973724848,en,0,0,0,0, ,@FansofChangi Former EP Holder from India. Excellent memories of Singapore's Changi Airport. Majestically efficient.,employment pass holder,,,,,
398096178,2012-10-07 04:50:38+00:00, ,2.54806E+17,en,0,0,0,0, ,[TRE] Foreign spouse of EP holder more favored than Citizen‚Äôs: I am a Chinese American married to a S... http://t.co/iZlz1rMn #singapore,employment pass holder,,,,,
16082982,2013-10-04 19:40:30+00:00, ,3.86214E+17,en,0,0,0,0, ,"#yiiframework PR/Singapore citizen/EP or Spass holder, programming #jobs in SGP Startup...Salary $3.5 - $4.5k. Yii, JavaScript and Jquery.",employment pass holder,,,,,
16082982,2013-10-04 19:35:36+00:00, ,3.86213E+17,en,0,0,0,0, ,"PR/Singapore citizen/EP or Spass holder, programming #jobs in SGP Startup...Salary $3.5 - $4.5k. Yii framework, JavaScript and Jquery.",employment pass holder,,,,,
16082982,2013-10-04 19:30:00+00:00, ,3.86212E+17,en,1,0,0,0, ,PR/Singapore citizen/EP or Spass holder and willing to create awesome User experience software in a SGP Startup...Salary $3500 - $4500 base‚Ä?,employment pass holder,,,,,
566340838,2014-04-05 01:37:44+00:00, ,4.52259E+17,en,0,0,0,0, ,Bank for EP Holder: I've just gotten my EP and am looking to open a bank account. Any recommendations on which... http://t.co/7cg261O1bb,employment pass holder,,,,,
45105447,2015-05-18 01:35:07+00:00, ,6.00112E+17,en,0,0,0,0, ,"hi,

I am a Filipina EP holder working in Singapore as purchasing manager salary SGD$4800.00/ married to Indian... http://t.co/MOoHUyhWQ4",employment pass holder,,,,,
566340838,2015-08-20 16:59:27+00:00, ,6.34409E+17,en,0,0,0,0, ,Any Indian WP/SP/EP holder who got a name change done in their Indian passport at Singapore?: Could you please... http://t.co/2m0BZlTOx0,employment pass holder,,,,,
966099012,2016-07-11 07:55:14+00:00, ,7.52411E+17,en,0,0,0,0, ,No Pokemon GO so EP holder lashes out at Singapore as 'shit country' - The Independent https://t.co/VuNoEtQclF,employment pass holder,,,,,
965914561,2016-07-11 07:55:07+00:00, ,7.52411E+17,en,0,0,0,0, ,No Pokemon GO so EP holder lashes out at Singapore as 'shit country' - The Independent https://t.co/Mw59aNFP9R,employment pass holder,,,,,
17218123,2016-07-11 06:46:12+00:00, ,7.52394E+17,en,0,0,0,0, ,No Pokemon GO so EP holder lashes out at Singapore as ‚Äòshit country‚Ä?‚Ä?The¬†Independent https://t.co/xZM8fI8Zmx,employment pass holder,,,,,
271216592,2016-07-11 06:43:43+00:00, ,7.52393E+17,en,0,0,0,0, ,Sonny has since deleted all his social media accounts. But he is of course not the first Australian to make an... https://t.co/LOMxTlp2P0,employment pass holder,,,,,
544574704,2018-05-27 05:11:16+00:00, ,1.00061E+18,en,1,0,2,0, ,This has happened to me so many times in Singapore and it‚Äôs creepy as fuck https://t.co/X3OKIYnhy5,employment pass holder,,,,,
8.673E+17,2018-05-08 03:40:00+00:00, ,9.93697E+17,en,0,0,0,0, ,"Which Singapore work visa guide is going to be the one for you? Should you be an EP holder? Or an S Pass holder? Find out here: https://t.co/VzLYloNyH9

#Singapore #business #work #visa #guide #information https://t.co/y8rlx4sBfB",employment pass holder,,,,,
93649856,2018-10-19 12:57:27+00:00, ,1.05327E+18,en,0,0,0,1, ,"RT @HNH_Network: Verified Post: 

Direct Hiring for a Singapore Based Ship Management Company. 

Technical Superintendent for a Fleet of oi‚Ä?
1037538353338433537,2018-10-19 10:29:01+00:00, ,1053231538899509249,en,4,0,0,1, ,Verified Post: ",employment pass holder,,,,,
291609629,2018-11-19 00:39:57+00:00, ,1.06432E+18,en,0,0,0,0, ,Singapore is an open society that welcomes foreign talent. However if you are crew of one boat it is illegal for you work as day worker on another. Likewise for Employment Pass holder. You can use your boyfriends company to get EP BUT you can‚Äôt work for another organization.,employment pass holder,,,,,
67540018,2019-03-26 09:59:59+00:00, ,1.11048E+18,en,0,0,0,0, ,@coinmetro_kevin @CoinMetro @passportsevamea @MEAQuery @cnplaw I am a singapore EP holder and tax payer. @CoinMetro is dragging me from last half a year by saying my all IDs are invalid. Now they have also called my passport is fake. I have paid money in their ICO. How Singapore govt can help me with this case ?,employment pass holder,,,,,
8.09083E+17,2019-06-18 13:11:15+00:00, ,1.14097E+18,en,0,0,0,0, ,"Well-paid foreign EP-holder, desperate to leave ‚Äúsuffocating‚Ä?company, seeks advice on how to ... https://t.co/puYi7R51wU #singapore #jobs",employment pass holder,,,,,
1.13553E+18,2019-06-12 15:54:17+00:00, ,1.13884E+18,en,0,0,0,0, ,"Singapore: Updating New Passport Information to ICA &amp; MOM | PR | EP | Pass Holder| LTVP - JILAXZONE

https://t.co/vcR8OJiz8l",employment pass holder,,,,,
68137157,2019-09-10 11:00:54+00:00, ,1.17138E+18,en,0,0,0,0, ,"Generally, a EP holder must be an entrepreneur who has $50,000 in the capital and has significant experience or good entrepreneurial record.

Read: https://t.co/P5MIvuW0t0

#SingaporeEP #Entrrepreneur #EPHolder https://t.co/YtUmgSsykm",employment pass holder,,,,,
201547768,2020-01-17 05:14:20+00:00, ,1.21804E+18,en,0,0,0,0, ,Dying in Singapore ‚Ä?as an EP holder https://t.co/SnCJifRmwB,employment pass holder,,,,,
4473260533,2020-03-26 07:37:31+00:00, ,1.24308E+18,en,0,0,0,0, ,@MOM_sg  Any timeline for EP holder in india to come back to singapore? Employer raised for entry approval but rejected. The concerned person has been tested for COVID-19 and proved negative. Can submit reports.,employment pass holder,,,,,
1.1605E+18,2020-03-22 09:10:09+00:00, ,1.24165E+18,en,0,0,0,0, ,"@LawrenceWongST hello Sir , india has banned all its flight till 29th, so even a EP holder wants to come back to Singapore , he can‚Äôt . Kindly allow us to travel after 29th so we can save our jobs , lots of life depends on me .",employment pass holder,,,,,
1.25206E+18,2020-04-23 14:30:37+00:00, ,1.25333E+18,en,10,1,2,1, ,"@leehsienloong @narendramodi Respected PM of Singapore and India, There are very few EP holder stuck in Tamilnadu, India due to sudden lockdown. I kindly request and plead you to airlift us back to Singapore. Our jobs and livelihoods are at stake sir. This is my 7th year in SG and feel SG as my home sir.Tks.",employment pass holder,,,,,
620414924,2020-04-21 12:05:41+00:00, ,1.25257E+18,en,0,0,1,0, ,"@karaowen @nadams Hi @karaowen - EP holder here in Singapore and registered for government updates for Singapore, however haven‚Äôt received any to date.

Will you be contacting us in the event the British government give guidance to repatriate their citizens?",employment pass holder,,,,,
113536612,2020-05-29 13:15:54+00:00, ,1.26636E+18,en,4,0,1,6, ,"Hello Jawedji,
Their are many other EP &amp; DP holder stuck in Mumbai, can you also help to have flight for Mumbai to Singapore. Please help us reunite with our family üôè https://t.co/0YLkNFHHMW",employment pass holder,,,,,
129407998,2020-05-28 07:28:36+00:00, ,1.26591E+18,en,0,0,0,1, ,"RT @sanjaykle2013: @IndiainSingapor @JawedAshraf5-
Sir, I am a Singapore EP holder stuck in India. I came here for a family emergency in Ma‚Ä?
2710074456,2020-05-28 06:16:51+00:00, ,1265889754647629827,en,0,0,1,0, ,@IndiainSingapor @JawedAshraf5-",employment pass holder,,,,,
2710074456,2020-05-27 07:08:06+00:00, ,1.26554E+18,en,3,0,0,0, ,"@mihirshukla15 @IndiainSingapor @PMOIndia @MEAIndia @DrSJaishankar @MOS_MEA @harshvshringla @MoCA_GoI @airindiain @DDNewslive @PIBHomeAffairs @JawedAshraf5 @IndiainSingapor @JawedAshraf5-
Sir, I am a Singapore EP holder. I came to India for family emergency in March 2020. Now I need to come back to Singapore.  Can you please help to get the MOM re entry approval so that I can take one of the evacuation flight?. Would be of great hel",employment pass holder,,,,,
2710074456,2020-05-27 07:00:28+00:00, ,1.26554E+18,en,0,0,0,0, ,"@IndiainSingapor @PMOIndia @MEAIndia @DrSJaishankar @MOS_MEA @harshvshringla @MoCA_GoI @airindiain @DDNewslive @PIBHomeAffairs @JawedAshraf5 @IndiainSingapor @JawedAshraf5-
Sir, I am a Singapore EP holder. I came to India for family emergency in March 2020. Now I need to come back to Singapore.  Can you please help to get the MOM re entry approval so that I can take one of the evacuation flight?. Would be of great hel",employment pass holder,,,,,
1.25826E+18,2020-05-27 07:00:21+00:00, ,1.26554E+18,en,0,0,0,1, ,"RT @sanjaykle2013: @IndiainSingapor @JawedAshraf5-
Sir, I am a Singapore EP holder. I came to India for family emergency in March 2020. Now‚Ä?
2710074456,2020-05-27 06:48:36+00:00, ,1265535357732433921,en,1,0,0,0, ,@IndiainSingapor @JawedAshraf5-",employment pass holder,,,,,
2710074456,2020-05-27 06:47:59+00:00, ,1.26554E+18,en,3,0,0,1, ,"@IndiainSingapor @JawedAshraf5-
Sir, I am a Singapore EP holder. I came to India for family emergency in March 2020. Now I need to come back to Singapore.  Can you please help to get the MOM re entry approval so that I can take one of the evacuation flight?. Would be of great hel https://t.co/4IKH0B7GY5",employment pass holder,,,,,
206763218,2020-05-26 10:57:06+00:00, ,1.26524E+18,en,0,0,0,11, ,"RT @golu125: @JawedAshraf5 Respected Sir, Just want to know when the reentry of EP &amp; DP pass holder of Singapore is going to open. Is their‚Ä?
1264631700618801152,2020-05-26 09:53:06+00:00, ,1265219402057859072,en,0,0,0,11, ,RT @golu125: @JawedAshraf5 Respected Sir",employment pass holder,,,,,
306579641,2020-05-26 09:36:43+00:00, ,1.26522E+18,en,0,0,0,11, ,"RT @golu125: @JawedAshraf5 Respected Sir, Just want to know when the reentry of EP &amp; DP pass holder of Singapore is going to open. Is their‚Ä?
1258260051636047872,2020-05-26 07:25:08+00:00, ,1265182163961446400,en,0,0,0,11, ,RT @golu125: @JawedAshraf5 Respected Sir",employment pass holder,,,,,
1.24346E+18,2020-05-26 07:23:58+00:00, ,1.26518E+18,en,0,0,0,11, ,"RT @golu125: @JawedAshraf5 Respected Sir, Just want to know when the reentry of EP &amp; DP pass holder of Singapore is going to open. Is their‚Ä?
1133714904,2020-05-26 07:22:48+00:00, ,1265181577639636992,en,0,0,0,11, ,RT @golu125: @JawedAshraf5 Respected Sir",employment pass holder,,,,,
1.25788E+18,2020-05-26 07:20:02+00:00, ,1.26518E+18,en,0,0,0,11, ,"RT @golu125: @JawedAshraf5 Respected Sir, Just want to know when the reentry of EP &amp; DP pass holder of Singapore is going to open. Is their‚Ä?
938635275260985344,2020-05-26 06:43:46+00:00, ,1265171753367506944,en,0,0,0,11, ,RT @golu125: @JawedAshraf5 Respected Sir",employment pass holder,,,,,
1.20616E+18,2020-05-26 06:38:31+00:00, ,1.26517E+18,en,0,0,0,11, ,"RT @golu125: @JawedAshraf5 Respected Sir, Just want to know when the reentry of EP &amp; DP pass holder of Singapore is going to open. Is their‚Ä?
2469352260,2020-05-26 06:31:39+00:00, ,1265168705262022658,en,0,0,0,11, ,RT @golu125: @JawedAshraf5 Respected Sir",employment pass holder,,,,,
1.24265E+18,2020-05-26 06:24:43+00:00, ,1.26517E+18,en,0,0,0,11, ,"RT @golu125: @JawedAshraf5 Respected Sir, Just want to know when the reentry of EP &amp; DP pass holder of Singapore is going to open. Is their‚Ä?
113536612,2020-05-26 05:14:29+00:00, ,1265149284749459457,en,11,0,0,11, ,@JawedAshraf5 Respected Sir",employment pass holder,,,,,
3766371614,2020-05-25 14:54:55+00:00, ,1.26493E+18,en,0,0,0,1, ,"RT @akshat2958: @IndiainSingapor @JawedAshraf5 - Sir, I am a Singapore EP holder stuck in India. I came here for a family emergency in Mar.‚Ä?
113536612,2020-05-25 04:28:46+00:00, ,1264775391417229315,en,2,0,1,7, ,@Sushmanu @HardeepSPuri @MoCA_GoI @AAI_Official @PIB_India Respected Sir",employment pass holder,,,,,
2710074456,2020-05-24 06:15:45+00:00, ,1.26444E+18,en,1,0,0,0, ,"@IndiainSingapor @JawedAshraf5-
Sir, I am a Singapore EP holder. I came to India for family emergency in March 2020. Now I need to come back to Singapore.Can you please help to get the MOM re entry approval so that I can take one of the evacuation flight?Would be of great hlp.",employment pass holder,,,,,
2710074456,2020-05-24 06:09:16+00:00, ,1.26444E+18,en,2,0,1,1, ,"@IndiainSingapor @JawedAshraf5-
Sir, I am a Singapore EP holder stuck in India. I came here for a family emergency in Mar. Anyway you can help to get the MOM re entry approval so that I can take one of the evacuation flight?. Would be of great help.",employment pass holder,,,,,
3766371614,2020-05-24 03:38:48+00:00, ,1.2644E+18,en,1,0,0,1, ,"@IndiainSingapor @JawedAshraf5 - Sir, I am a Singapore EP holder stuck in India. I came here for a family emergency in Mar. Anyway you can help to get the MOM re entry approval so that I can take one of the evacuation flight?. Would be of great help.",employment pass holder,,,,,
98711871,2020-05-20 07:43:47+00:00, ,1.26301E+18,en,0,0,0,0, ,"@leehsienloong
@sporeMOH
#icas
#MOM
When will you issue information on travel? I am EP holder stuck in UK. I need to return to Singapore. There's no info on when you will approve travel?",employment pass holder,,,,,
185491113,2020-05-12 04:18:57+00:00, ,1.26006E+18,en,0,0,2,0, ,"@JawedAshraf5 Sir am an EP holder in Singapore .i am stranded in india and planning to move ASAP to Singapore,as my company is not providing wfh,Please help me what is the best way to get the MOM approval,when can we expect flights to start singapore?",employment pass holder,,,,,
962056549,2020-05-07 04:28:35+00:00, ,1.25825E+18,en,0,0,0,0, ,"@JamieAlonzo I think in Singapore, for citizens and residents, they are doing it. And if you are an EP or SP card holder, same thing. Meaning, you need to have those IDs to open a bank account.",employment pass holder,,,,,
1.25206E+18,2020-05-03 10:09:44+00:00, ,1.25689E+18,en,0,0,0,1, ,"RT @Kumar14028025: @leehsienloong @narendramodi Respected PM of Singapore and India, There are very few EP holder stuck in Tamilnadu, India‚Ä?
853960367508119553,2020-06-15 13:45:55+00:00, ,1272525748658724870,en,0,0,0,0, ,@sporeMOH I left Singapore on 14th March. As an EP holder I have subsequently had 1 application for return approved (flight cancelled) and 4 or 5 rejected. I think it is unfair that I am now in a category whereby I must pay for my SHN accommodation. Is there any appeal route.
853960367508119553,2020-06-15 09:24:06+00:00, ,1272459861520011264,en,0,0,1,0, ,@SHCLon I am an EP holder stranded in Scotland wishing to return to Singapore. I keep getting rejected for travel. When will I be able to return to Singapore? I will lose my job if I can't get back soon. I've been in UK from March as my original return flight was cancelled.
853960367508119553,2020-06-13 08:46:24+00:00, ,1271725596549226497,en,0,0,1,0, ,@sporeMOH When can #singapore #EP holders return home? Where is the link to stranded EP holder social media accounts as mentioned by Mr Wong?",employment pass holder,,,,,
9.40539E+17,2020-06-05 13:07:45+00:00, ,1.26889E+18,en,0,0,0,7, ,"RT @golu125: @Sushmanu @HardeepSPuri @MoCA_GoI @AAI_Official @PIB_India Respected Sir,
Their are many EP &amp; DP pass holder  of Singapore are‚Ä?
865103627374997505,2020-06-04 05:57:58+00:00, ,1268421717614972928,en,0,0,0,6, ,RT @golu125: Hello Jawedji",employment pass holder,,,,,
1.20654E+18,2020-06-03 10:44:22+00:00, ,1.26813E+18,en,1,0,1,0, ,"@leehsienloong @MOEsg Sir kindly allow DP holders to enter Singapore upon strict medical check up on arrival and 15 days SHN for DP &amp; EP holder both, whose respective EP holder is already in Singapore struggling alone in this covid-19 situation .",employment pass holder,,,,,
1.21557E+18,2020-06-01 05:49:53+00:00, ,1.26733E+18,en,0,0,0,0, ,"The immigration plan was disturbed by covid-19, and the family is in disparate condition in Japan and Singapore. As an EP holder, I have two sons in Singapore with my two-year-old son, and my wife has another daughter and son in Japan.",employment pass holder,,,,,
1.28562E+18,2020-07-28 06:55:18+00:00, ,1.28801E+18,en,1,0,0,0, ,"@kirandcac @airindiain @leehsienloong Respected Sir , please help us ..please give entry approval in singapore EP OR DP pass holder . We are stuck in india last 6-7 months . üôèüôè Resume delhi to singapore flight .",employment pass holder,,,,,
1.28562E+18,2020-07-28 02:16:37+00:00, ,1.28793E+18,en,0,0,0,0, ,"@leehsienloong Respected Sir , please help us ..please give entry approval in singapore EP OR DP pass holder . We are stuck in india last 6-7 months . üôèüôè",employment pass holder,,,,,
327405238,2020-07-27 11:35:58+00:00, ,1.28771E+18,en,0,0,0,0, ,"@SGinIndia 

Please help with some information of journey from India to Singapore.
How easy or possible is it for a DP or EP Holder to enter Singapore now?

Is @govsingapore allowing EP/DP holder to return to Singapore from India.",employment pass holder,,,,,
16365707,2020-07-27 08:14:03+00:00, ,1.28766E+18,en,1,0,1,0, ,@Uzahr Work pass holders pay taxes in Singapore. As a EP holder myself it feels more like ‚Äúblame the foreigner‚Ä?,employment pass holder,,,,,
1.28562E+18,2020-07-27 06:53:04+00:00, ,1.28764E+18,en,3,0,0,0, ,"@ICASingapore @Prateek_SG_HDB Respected sir please help us..
 we are stuck in india last 6 month .please give us entry in singapore . We pay house rent last 6 month in singapore . We are EP or DP Holder .",employment pass holder,,,,,
1.28006E+18,2020-07-23 11:29:43+00:00, ,1.28626E+18,en,0,0,0,8, ,RT @supriya92284975: @IndiainSingapor @IndiainSingapor @HardeepSPuri @MoCA_GoI Can you please advice your plan to repatriate EP holder back‚Ä?,employment pass holder,,,,,
1488270824,2020-07-23 10:13:00+00:00, ,1.28624E+18,en,0,0,0,8, ,RT @supriya92284975: @IndiainSingapor @IndiainSingapor @HardeepSPuri @MoCA_GoI Can you please advice your plan to repatriate EP holder back‚Ä?,employment pass holder,,,,,
2332121318,2020-07-23 09:52:45+00:00, ,1.28624E+18,en,0,0,0,8, ,RT @supriya92284975: @IndiainSingapor @IndiainSingapor @HardeepSPuri @MoCA_GoI Can you please advice your plan to repatriate EP holder back‚Ä?,employment pass holder,,,,,
1.24211E+18,2020-07-23 09:38:18+00:00, ,1.28623E+18,en,0,0,0,8, ,RT @supriya92284975: @IndiainSingapor @IndiainSingapor @HardeepSPuri @MoCA_GoI Can you please advice your plan to repatriate EP holder back‚Ä?,employment pass holder,,,,,
1.28617E+18,2020-07-23 09:34:57+00:00, ,1.28623E+18,en,0,0,0,8, ,RT @supriya92284975: @IndiainSingapor @IndiainSingapor @HardeepSPuri @MoCA_GoI Can you please advice your plan to repatriate EP holder back‚Ä?,employment pass holder,,,,,
1.28622E+18,2020-07-23 09:17:22+00:00, ,1.28623E+18,en,0,0,0,8, ,RT @supriya92284975: @IndiainSingapor @IndiainSingapor @HardeepSPuri @MoCA_GoI Can you please advice your plan to repatriate EP holder back‚Ä?,employment pass holder,,,,,
1940115654,2020-07-23 09:13:57+00:00, ,1.28623E+18,en,0,0,0,8, ,RT @supriya92284975: @IndiainSingapor @IndiainSingapor @HardeepSPuri @MoCA_GoI Can you please advice your plan to repatriate EP holder back‚Ä?,employment pass holder,,,,,
1.26636E+18,2020-07-23 09:10:59+00:00, ,1.28623E+18,en,0,0,0,8, ,RT @supriya92284975: @IndiainSingapor @IndiainSingapor @HardeepSPuri @MoCA_GoI Can you please advice your plan to repatriate EP holder back‚Ä?,employment pass holder,,,,,
1.28622E+18,2020-07-23 08:47:34+00:00, ,1.28622E+18,en,6,2,4,8, ,@IndiainSingapor @IndiainSingapor @HardeepSPuri @MoCA_GoI Can you please advice your plan to repatriate EP holder back to Singapore in August? We have MoM approval to enter Singapore on 3 Aug. The airlines say they are waiting for higher authority orders to sell tickets. Please release Aug flight,employment pass holder,,,,,
1.15903E+18,2020-07-19 07:00:31+00:00, ,1.28474E+18,en,0,0,0,0, ,@HardeepSPuri @DGCAIndia @airindiain Dear sir please help to resume flight from Delhi to Singapore üá∏üá¨  .. we need help sir .. 6 month completed .. please inform Singapore govt they give entry approval EP or DP HOlder üôèüôè,employment pass holder,,,,,
1.15903E+18,2020-07-18 17:28:05+00:00, ,1.28454E+18,en,1,0,0,0, ,@LithikaR @HardeepSPuri @PMOIndia @narendramodi @leehsienloong @SingaporeAir Please sir give entry approval EP and DP Holder in Singapore .. 5 month complete sir .. plz need help üôè,employment pass holder,,,,,
630985108,2020-07-08 17:15:24+00:00, ,1.28091E+18,en,0,0,3,0, ,@IndiainSingapor I am DP holder stuck in delhi with 2 small kids from last 6 months.husband is EP holder .pls consider us to go back to Singapore.already applied 10 days before still have not heard from authorities regarding approval for traveling.pls approve so can go on 17 july,employment pass holder,,,,,
1.24847E+18,2020-07-08 12:40:49+00:00, ,1.28084E+18,en,2,0,0,0, ,"@IndiainSingapor Hi sir, will any flights also ply from bengaluru to singapore? I am an EP holder who had to come to india in may on Vande Bharat flight due to a family emergency. Now i need to plan my return to Singapore. Kindly let me know.",employment pass holder,,,,,
1.16498E+18,2020-07-02 04:25:04+00:00, ,1.27855E+18,en,0,0,0,0, ,"@Kavey @crmliveblog @RichardBarrow @FCCThai Singapore does this, although sometimes a long term work visa holder (EP) will not qualify as not PR. Ultimately if you live and pay tax in a country it seems fair to get treated equally. If you are a tourist up to the hosts.",employment pass holder,,,,,
802180740,2020-08-18 07:53:35+00:00, ,1.29563E+18,en,0,0,0,0, ,@MOM_sg can a existing EP holder act as a director for another Singapore  company ?,employment pass holder,,,,,
1.29062E+18,2020-08-13 15:14:46+00:00, ,1.29393E+18,en,0,0,0,0, ,"@IndiainSingapor 
 My cousin  needs to travel to Delhi for his son's funeral...travelling from China via SQ on monday, stay in SIngapore - 1.5 days , then 19th wednesday SG-&gt; Delhi).
He is an EP holder in singapore. Does he needs to meet quarantine requirement in singapore?",employment pass holder,,,,,
1.26673E+18,2020-08-02 04:08:25+00:00, ,1.28978E+18,en,0,0,0,0, ,"@IndianSingapore @IndiainSingapor @airindiain is there any EP PASS holder travelled recently from India to Singapore ,please DM me.Can somebody help to me to know do we have to serve under gov faciclieties or we can server at our own home for SHN or querintime time",employment pass holder,,,,,
244191295,2020-09-24 07:31:51+00:00, ,1.30903E+18,en,0,0,1,0, ,"@skinnylatte @jdeamattson Strongly agree, it‚Äôs a blackbox that no one outside ICA understands. But having said that, living in Singapore as an EP/Dependent Pass holder isn‚Äôt that bad, especially with a citizen as a partner.",employment pass holder,,,,,
1.30043E+18,2020-09-09 14:56:02+00:00, ,1.30371E+18,en,0,0,1,0, ,"I‚Äôm trying to piece tgt who he really is .Nothing is known what he was doing here in Singapore entering &amp; exiting prior to 2019.That means before he got his EP in March 2020 for 2 yrs as a first time candidate,he was indeed a Work Permit holder in 2019 on a 1 yr basis earning SGD",employment pass holder,,,,,
321441879,2020-09-07 04:52:47+00:00, ,1.30283E+18,en,0,0,0,0, ,"Start a business on an employment pass in Singapore. Read on to know what it exactly means.

Learn More:- https://t.co/ds0ulYjgab

#offshorecompanyincorporation #registercompany #SBSConsulting #incorporation #CompanyIncorporation https://t.co/aj0SffIfUh",employment pass holder,,,,,
1.29053E+18,2020-09-02 05:03:18+00:00, ,1.30102E+18,en,0,1,0,0, ,"Dear @mhasingapore, I am citizen of India. My sister is EP holder. She is going through personal issues and needs family beside her. I hold visitor visa for 2 years and will abide by all rules.Please grant permission to enter Singapore on humanitarian grounds. @leehsienloong",employment pass holder,,,,,
330920235,2020-09-01 08:25:10+00:00, ,1.30071E+18,en,0,0,2,0, ,@HardeepSPuri @narendramodi @PMOIndia @HMOIndia @airindiain @AAI_Official @PIB_India @MIB_India @MoCA_GoI @NMAppVrtualMeet When you are planning to start regular flights from Singapore to India for EP Holder?,employment pass holder,,,,,
1.32937E+18,2020-11-19 10:39:31+00:00, ,1.32937E+18,en,0,0,0,0, ,"@IndiainSingapor
 I am a pass holder want to return to Singapore but entry approval is keep rejecting until now. Please consider. 

 @narendramodi  @PMOIndia 
 Hon'ble Prime Minister please hold a talk to Singapore government to allow to EP holders to return to Singapore.",employment pass holder,,,,,
321441879,2021-01-16 11:08:02+00:00, ,1.3504E+18,en,0,0,0,0, ,"Start a business on an employment pass in Singapore. Read on to know what it exactly means.

Visit Now- https://t.co/NlUNZwg6lx

#singaporeincoporation #SBSConsulting #singapore #companyregistration #business #employmentpass https://t.co/Gkfmm4t91q",employment pass holder,,,,,
2895749605,2021-05-20 04:20:22+00:00, ,1.39523E+18,en,0,0,0,0, ,"(2/2) also, Dependent pass holders are people who live in Singapore, not short term visitors or extended family. Typically these are limited to the spouse/children of the EP holder. And it had been tough to get approvals to enter SG even at the beginning of 2021.",employment pass holder,,,,,
13144942,2021-06-22 05:53:24+00:00, ,1.40722E+18,en,5,0,4,0, ,"@mrbrown Basically, any non-SC/SPR who has been out of Singapore for an indefinite period (and so didn't secure entry approval before leaving) is currently SOL. EP holder, DP holder, family of SC/SPR. All of the above.",employment pass holder,,,,,
6988732,2021-07-28 06:43:41+00:00, ,1.42027E+18,en,0,0,1,0, ,"@joannasuyin Yeah unfortunately my parents don't hold any passes in SG at the moment so entry is gonna be difficult. I mean. They're only parents of PRs working in Singapore, only ex EP holder, not Vietnamese gf or anything. *Laughs bitterly*",employment pass holder,,,,,
1.2651E+18,2021-07-15 04:31:50+00:00, ,1.41553E+18,en,4,0,0,0, ,"@FinancialTimes I wonder if SC‚Äôs and PR‚Äôs realise that as an EP/DP holder who has made a life here in Singapore, I am not afforded the same guarantee of being able to return to Singapore if I need to visit sick relatives or children overseas.. it is devastating ü•∫",employment pass holder,,,,,
1.29853E+18,2021-07-05 10:08:28+00:00, ,1.41199E+18,en,0,0,0,1, ,RT @rich91403106: @govsingapore Singapore will be rated no. 1 for covid response. Thanks for my vax. From happy EP holder me,employment pass holder,,,,,
1.36241E+18,2021-07-03 14:03:45+00:00, ,1.41132E+18,en,3,0,1,1, ,@govsingapore Singapore will be rated no. 1 for covid response. Thanks for my vax. From happy EP holder me,employment pass holder,,,,,
44381697,2021-08-20 04:50:51+00:00, ,1.42858E+18,en,0,0,0,7, ,RT @NadiaDaeng: If you know anyone with a room to rent in the Telok Blangah / Redhill / Tiong Bahru area - my friend is looking to rent for‚Ä?,employment pass holder,,,,,
384445949,2021-08-20 04:32:41+00:00, ,1.42858E+18,en,0,0,0,7, ,RT @NadiaDaeng: If you know anyone with a room to rent in the Telok Blangah / Redhill / Tiong Bahru area - my friend is looking to rent for‚Ä?,employment pass holder,,,,,
778418,2021-08-20 04:21:05+00:00, ,1.42857E+18,en,0,0,0,7, ,RT @NadiaDaeng: If you know anyone with a room to rent in the Telok Blangah / Redhill / Tiong Bahru area - my friend is looking to rent for‚Ä?,employment pass holder,,,,,
1.1651E+18,2021-08-18 08:30:25+00:00, ,1.42791E+18,en,0,0,0,0, ,"Another successful PR story to share. 
Transformed from Student Pass to EP Holder to become a  Singapore PR!

#immigrationagencies #Singapore #singaporepermanentresidency

https://t.co/whaeidQF2q https://t.co/ZFCBoN7aaR",employment pass holder,,,,,
1.14301E+18,2021-08-16 01:05:54+00:00, ,1.42707E+18,en,2,0,1,0, ,"@_digit_ @CoinDesk @egreechee @Bloomberg He is a Permanent Resident (PR) holder, not a Singapore Citizen. Vast difference.

Bloomberg are correct, you are taxed like a Singapore Citizen as a PR and Employment Pass (EP) holder, like myself. üëç",employment pass holder,,,,,
43792224,2021-08-12 22:25:31+00:00, ,1.42595E+18,en,0,0,0,7, ,RT @NadiaDaeng: If you know anyone with a room to rent in the Telok Blangah / Redhill / Tiong Bahru area - my friend is looking to rent for‚Ä?,employment pass holder,,,,,
31154304,2021-08-12 03:21:24+00:00, ,1.42566E+18,en,2,2,1,7, ,"If you know anyone with a room to rent in the Telok Blangah / Redhill / Tiong Bahru area - my friend is looking to rent for budget under $750

Tenant is Male in his 20s, Indian Malaysian, EP holder, working in client support at an Elderly Care Centre in Singapore.",employment pass holder,,,,,
1.28641E+18,2021-08-01 23:59:42+00:00, ,1.42198E+18,en,9,0,0,0, ,"When I started teaching in Singapore, I was on expatriate contract. Yet I was never called an expat like my other colleagues with the same contract. I was an EP (Employment Pass) holder. https://t.co/s5SARazffq",employment pass holder,,,,,
361317259,2021-09-20 17:27:33+00:00, ,1.44E+18,en,1,0,1,0, ,"Entry to Japan may be impractical.
Even if you are a longstay pass holder(EP„ÄÅS Pass„ÄÅDP), reentry is subject to Entry Approval by the Singapore government .
Also, quarantine for 14 days after entering . https://t.co/EGBkyETS2N",employment pass holder,,,,,
1.41548E+18,2021-09-14 07:35:00+00:00, ,1.43768E+18,en,0,0,0,0, ,@IndiainSingapor Why not India should discuss about allowing flight from both way to Indians EP holder who are fully vaccinated here in Singapore.,employment pass holder,,,,,
2297170640,2021-10-05 01:58:26+00:00, ,1.44521E+18,en,1,0,0,1, ,"@leehsienloong dear sir, if the border can be opened to PRs , it can be opened for EP holder as well. I am sure Singapore government must have put proper thought and logic in its decision. But my request is to consider opening travel for EP holder as well in near future.",employment pass holder,,,,,
1.4624E+18,2021-12-09 12:44:36+00:00, ,1.46892E+18,en,0,0,2,0, ,@SingaporeAir Hi. If I am flying in on SQ VTL from India early morning on Day 1 ( EP holder in Singapore) can I fly to New York on Day 2 in the afternoon. Both tickets will be booked separately. Appreciate your clarification on this.,employment pass holder,,,,,
583571428,2022-01-02 05:32:31+00:00, ,1.47751E+18,en,0,0,0,7, ,"RT @jdeamattson: Furious that as an EP holder I am not guaranteed reentry to Singapore under current conditions, but these clowns did this‚Ä?
33801370,2022-01-02 02:58:11+00:00, ,1477474273367191558,en,0,0,0,7, ,RT @jdeamattson: Furious that as an EP holder I am not guaranteed reentry to Singapore under current conditions",employment pass holder,,,,,
1.40296E+18,2022-01-01 17:40:21+00:00, ,1.47733E+18,en,0,0,0,7, ,"RT @jdeamattson: Furious that as an EP holder I am not guaranteed reentry to Singapore under current conditions, but these clowns did this‚Ä?
728630953,2022-01-01 15:54:55+00:00, ,1477307355104645120,en,0,0,0,7, ,RT @jdeamattson: Furious that as an EP holder I am not guaranteed reentry to Singapore under current conditions",employment pass holder,,,,,
587274311,2022-01-01 14:55:25+00:00, ,1.47729E+18,en,0,0,0,7, ,"RT @jdeamattson: Furious that as an EP holder I am not guaranteed reentry to Singapore under current conditions, but these clowns did this‚Ä?
24016926,2022-01-01 13:52:52+00:00, ,1477276640812011521,en,31,0,2,7, ,Furious that as an EP holder I am not guaranteed reentry to Singapore under current conditions",employment pass holder,,,,,
152148810,2022-02-20 03:14:54+00:00, ,1.49524E+18,en,0,0,0,8, ,"RT @NewsBFM: 2. ‚ÄúTo ensure that EP holders are of the right calibre, we adjust the minimum qualifying salary from time to time, because how‚Ä?
720647833569726464,2022-02-19 09:52:06+00:00, ,1494973056389103616,en,0,0,0,8, ,RT @NewsBFM: 2. ‚ÄúTo ensure that EP holders are of the right calibre",employment pass holder, because how‚Ä?,,,,
1.07313E+18,2022-02-19 04:44:10+00:00, ,1.4949E+18,en,0,0,0,8, ,"RT @NewsBFM: 2. ‚ÄúTo ensure that EP holders are of the right calibre, we adjust the minimum qualifying salary from time to time, because how‚Ä?
4178353334,2022-02-19 04:36:06+00:00, ,1494893532460781573,en,0,0,0,8, ,RT @NewsBFM: 2. ‚ÄúTo ensure that EP holders are of the right calibre",employment pass holder, because how‚Ä?,,,,
296694466,2022-02-19 04:15:51+00:00, ,1.49489E+18,en,24,1,1,8, ,"2. ‚ÄúTo ensure that EP holders are of the right calibre, we adjust the minimum qualifying salary from time to time, because how much the employer is prepared to pay is a practical indicator of the quality of the EP holder,‚Ä?said Singapore‚Äôs Finance Minister Lawrence Wong.",employment pass holder,,,,,
