author id,created_at,geo,id,lang,like_count,quote_count,reply_count,retweet_count,source,tweet,international scholars
140383878,2010-07-14 16:49:04+00:00, ,18533141359,en,0,0,0,0, ,"Islamic scholars gather for international conference in Singapore+: SINGAPORE, July 14 (AP) - (Kyodo)?Islamic scho... http://bit.ly/dpyNA4",international scholars
35595232,2010-07-14 10:29:35+00:00, ,18509832848,en,0,0,0,0, ,"Islamic scholars gather for international conference in ... - Big Hollywood: SINGAPORE, July 14 (AP) - (Kyodo)〞Isl... http://bit.ly/d8qxFp",international scholars
90293967,2010-07-14 10:11:58+00:00, ,18509108397,en,0,0,0,0, ,Islamic scholars gather for international conference in Singapore+: (Kyodo) _ Islamic scholars and delegates from ... http://bit.ly/9Pcmd9,international scholars
20220846,2010-08-20 00:11:01+00:00, ,21619535054,en,0,0,0,1, ,"RT @IntlBuzz: International Buzz welcomed new GA Tech scholars today from China, France, Germany, Ghana, India, Iran, Nigeria, Singapore ...",international scholars
88185670,2010-08-19 00:33:13+00:00, ,21533781513,en,0,0,0,1, ,"International Buzz welcomed new GA Tech scholars today from China, France, Germany, Ghana, India, Iran, Nigeria, Singapore & Venezuela. Wow!",international scholars
838278434,2012-11-05 14:16:58+00:00, ,2.65458E+17,en,0,0,0,0, ,"*Singapore, 1-2 Dec 2012* Spiritual retreat featuring international &amp; local scholars. Seeking knowledge is a must... http://t.co/xgAoSdgr",international scholars
344797535,2013-08-07 10:59:52+00:00, ,3.65065E+17,en,0,0,0,0, ,#ApplyNow #Singapore International Graduate Award 2014-2015: Scholars Hub Africa Applications＃ http://t.co/cROVtG8b5t,international scholars
1077571,2013-08-01 11:52:28+00:00, ,3.62904E+17,en,1,0,1,3, ,Correction - foreign scholars. RT @ChannelNewsAsia S'pore students excel at international science olympiads http://t.co/gyQpo73NuD,international scholars
344797535,2014-05-24 03:35:29+00:00, ,4.70045E+17,en,0,0,0,0, ,#NEW NUS Tembusu International Scholarship in Singapore 2014: Scholars Hub Africa The＃ http://t.co/uQK9QbTw8F,international scholars
276372068,2014-05-24 03:17:10+00:00, ,4.70041E+17,en,0,0,0,0, ,NUS Tembusu International Scholarship in Singapore 2014: Scholars Hub AfricaThe National＃ http://t.co/MKKY5ncOY7,international scholars
92425527,2014-06-06 00:05:44+00:00, ,4.74704E+17,en,0,0,0,0, ,"#shangha, china #international convention of asia scholars 3 #2003 #icas4 #singapore＃ http://t.co/DAbTpJmLXT",international scholars
316890146,2014-09-29 19:05:24+00:00, ,5.16665E+17,en,0,0,0,1, ,RT @WEFTEC: Singapore International Water Week:  Learn ideas @ WEFTEC from the "Singapore Scholars" Wed 12:15-1:15 in the Learning Lounge-W＃,international scholars
225165493,2014-09-29 18:22:14+00:00, ,5.16654E+17,en,1,0,0,1, ,Singapore International Water Week:  Learn ideas @ WEFTEC from the "Singapore Scholars" Wed 12:15-1:15 in the Learning Lounge-WEF Plaza,international scholars
1670580409,2014-09-29 13:11:16+00:00, ,5.16576E+17,en,0,0,0,1, ,RT @WEFTEC: Singapore International Water Week:  Learn some ideas @ WEFTEC from the "Singapore Scholars" Wed 12:15-1:15 in the Learning Lou＃,international scholars
225165493,2014-09-29 12:36:08+00:00, ,5.16567E+17,en,0,0,0,1, ,Singapore International Water Week:  Learn some ideas @ WEFTEC from the "Singapore Scholars" Wed 12:15-1:15 in the Learning Lounge-WEF Plaza,international scholars
225165493,2014-10-01 17:27:49+00:00, ,5.17365E+17,en,0,0,0,1, ,RT @ShawnHWaterJAM: Singapore Scholars at #WEFTEC14 Great discussion on the International Conference held a few months back http://t.co/tKV＃,international scholars
1670580409,2014-10-01 17:26:46+00:00, ,5.17365E+17,en,1,0,0,1, ,Singapore Scholars at #WEFTEC14 Great discussion on the International Conference held a few months back http://t.co/tKVv3V4Tyj,international scholars
195782221,2014-11-18 15:01:53+00:00, ,5.34723E+17,en,0,0,0,1, ,RT @WheelockCollege: .@WheelockGlobal hosts visiting scholars from Singapore: ※What it Means to Make and Teach the Arts in Singapore.§ 4pm ＃,international scholars
83896876,2014-11-17 18:15:16+00:00, ,5.34409E+17,en,1,0,0,1, ,.@WheelockGlobal hosts visiting scholars from Singapore: ※What it Means to Make and Teach the Arts in Singapore.§ 4pm http://t.co/rQNb3MnuvL,international scholars
2469032790,2015-02-07 09:01:46+00:00, ,5.63986E+17,en,0,0,0,0, ,At the AGM 2015 (Malaysia &amp; Singapore) of The International Council of Malaysian Scholars and Associates. http://t.co/PxTOPIW60S,international scholars
1071589441,2015-03-15 11:56:14+00:00, ,5.77076E+17,en,0,0,0,0, ,International Scholars  An undergrad #scholarship in Singapore for both local and #international #st http://t.co/wNqTVlVpUL,international scholars
15530500,2015-12-17 15:24:58+00:00, ,6.7751E+17,en,0,0,0,0, ,"Meet 4 students who came to U of T engineering from Jordan, Singapore, Mexico and Vietnam https://t.co/ch1NWRyIN4 https://t.co/BAJVG3UwNf",international scholars
52415633,2015-12-14 15:28:11+00:00, ,6.76423E+17,en,0,0,0,0, ,"There are many summer or international opportunities: Yale Youth Global Scholars-Singapore, Wheaton Summer College, &amp; Cornell U. Summer.",international scholars
344797535,2016-02-11 14:16:37+00:00, ,6.97786E+17,en,0,0,0,0, ,"#NEW IRAS Undergraduate Scholarship for International Students in Singapore, 2016: Scholars＃ https://t.co/a3KbUFXTqG",international scholars
215593833,2016-03-06 03:01:53+00:00, ,7.06314E+17,en,0,0,0,0, ,Teaching course in Singapore https://t.co/E4Uu5PsnAJ,international scholars
3188960188,2016-07-20 00:44:56+00:00, ,7.55564E+17,en,0,0,0,0, ,BWF Scholars-International Travel to Singapore-Exploring best practices @BWFUND @ncstem  #bwfsmp #bwfcasmt #singbwf https://t.co/T3rRkcugGs,international scholars
344797535,2016-07-12 08:58:45+00:00, ,7.52789E+17,en,0,0,0,0, ,"#NEW SP Jain Undergraduate Scholarships for International Students, Singapore: Scholars Hub＃ https://t.co/KZcV0TMrr7",international scholars
3230539927,2016-10-03 18:05:52+00:00, ,7.83005E+17,en,0,0,0,0, ,"Doctoral Scholarships in National University for International Students in Singapore, 2017: Doctoral Scholars... https://t.co/wyH0eRPQvA",international scholars
258748784,2017-12-28 22:52:17+00:00, ,9.46514E+17,en,0,0,0,1, ,"RT @SchHubAfrica: #NEW NTU Research Scholarship for International Students in #Singapore, 2018: Scholars Hub＃ https://t.co/w2fIizfebk",international scholars
344797535,2017-12-28 07:40:54+00:00, ,9.46285E+17,en,0,0,0,1, ,"#NEW NTU Research Scholarship for International Students in #Singapore, 2018: Scholars Hub＃ https://t.co/w2fIizfebk",international scholars
344797535,2017-12-27 07:33:12+00:00, ,9.4592E+17,en,0,0,0,0, ,"#NEW SINGA Awards for International Students in #Singapore, 2018: Scholars Hub Africa The＃ https://t.co/MrHwGqsVCu",international scholars
344797535,2017-12-26 06:18:11+00:00, ,9.45539E+17,en,0,0,0,0, ,"#NEW SMART Graduate Fellowship for International Students in #Singapore, 2018: Scholars Hub＃ https://t.co/k4NyFo7nju",international scholars
8.09285E+17,2017-12-20 07:05:15+00:00, ,9.43377E+17,en,0,0,0,0, ,Invitation for #oncologists to participate at the #international conference on #cancer to be held in #Singapore-#Global Cancer 2018. A gathering of #professors #oncologists and #research scholars from all over the world. https://t.co/ZJq5vVGPRJ,international scholars
125324383,2018-01-23 07:31:20+00:00, ,9.55704E+17,en,0,0,0,0, ,Singapore: NTU offers lucrative scholarships to local and international scholars＃ https://t.co/FiVJW1H8go,international scholars
8.09285E+17,2018-01-02 11:01:38+00:00, ,9.48147E+17,en,0,1,0,0, ,"""Redefining the Frontiers in #Oncology Research"" at the #International conference on #Cancer at #Singapore. Gathering of #oncologists, #pathologists, #radiologists, #research scholars https://t.co/YssnFAmvAN",international scholars
15432179,2018-01-01 01:06:18+00:00, ,9.47635E+17,en,2,0,1,0, ,"#ICPP3 (International Conference on Public Policy) in Singapore at @LKYSch was AMAZING. I presented 3 papers, met amazing public policy scholars, and got to see one of my oldest and closest friends who was passing by Singapore right at the same time.",international scholars
114630365,2018-02-24 11:49:11+00:00, ,9.67366E+17,en,0,0,0,12, ,"RT @Prof_Zeger: Registration is now open for #PMRC2018 @PMRC2018 at https://t.co/dgIyqzpExh, the biggest ever international PMRC! We expect＃",international scholars
44512498,2018-02-23 01:55:52+00:00, ,9.66854E+17,en,0,0,0,12, ,"RT @Prof_Zeger: Registration is now open for #PMRC2018 @PMRC2018 at https://t.co/dgIyqzpExh, the biggest ever international PMRC! We expect＃",international scholars
2927231242,2018-02-23 00:52:17+00:00, ,9.66838E+17,en,0,0,0,12, ,"RT @Prof_Zeger: Registration is now open for #PMRC2018 @PMRC2018 at https://t.co/dgIyqzpExh, the biggest ever international PMRC! We expect＃",international scholars
161894846,2018-02-22 14:26:46+00:00, ,9.66681E+17,en,0,0,0,12, ,"RT @Prof_Zeger: Registration is now open for #PMRC2018 @PMRC2018 at https://t.co/dgIyqzpExh, the biggest ever international PMRC! We expect＃",international scholars
7.60182E+17,2018-02-22 13:47:55+00:00, ,9.66671E+17,en,0,0,0,12, ,"RT @Prof_Zeger: Registration is now open for #PMRC2018 @PMRC2018 at https://t.co/dgIyqzpExh, the biggest ever international PMRC! We expect＃",international scholars
62335843,2018-02-22 07:19:48+00:00, ,9.66573E+17,en,0,0,0,12, ,"RT @Prof_Zeger: Registration is now open for #PMRC2018 @PMRC2018 at https://t.co/dgIyqzpExh, the biggest ever international PMRC! We expect＃",international scholars
3709333163,2018-02-22 07:16:33+00:00, ,9.66572E+17,en,0,0,0,12, ,"RT @Prof_Zeger: Registration is now open for #PMRC2018 @PMRC2018 at https://t.co/dgIyqzpExh, the biggest ever international PMRC! We expect＃",international scholars
2804332645,2018-02-22 07:00:46+00:00, ,9.66568E+17,en,0,0,0,12, ,"RT @Prof_Zeger: Registration is now open for #PMRC2018 @PMRC2018 at https://t.co/dgIyqzpExh, the biggest ever international PMRC! We expect＃",international scholars
832683854,2018-02-22 06:55:03+00:00, ,9.66567E+17,en,0,0,0,12, ,"RT @Prof_Zeger: Registration is now open for #PMRC2018 @PMRC2018 at https://t.co/dgIyqzpExh, the biggest ever international PMRC! We expect＃",international scholars
7.79306E+17,2018-02-22 06:43:37+00:00, ,9.66564E+17,en,14,2,1,12, ,"Registration is now open for #PMRC2018 @PMRC2018 at https://t.co/dgIyqzpExh, the biggest ever international PMRC! We expect 350 leading public management scholars from across the globe. Can't wait to host you all at our beautiful campus here in #singapore. @pmrajpart @LKYSch",international scholars
130431285,2018-03-10 12:10:09+00:00, ,9.72444E+17,en,0,0,0,1, ,"RT @studentvisa4you: #Obama Foundation #Scholars Program 2018 in #USA for International #Students -// 
#Bangladesh #Bangladeshi #Dhaka #Chi＃",international scholars
3096473185,2018-03-10 11:37:57+00:00, ,9.72436E+17,en,1,0,0,1, ,"#Obama Foundation #Scholars Program 2018 in #USA for International #Students -// 
#Bangladesh #Bangladeshi #Dhaka #Chittagong #Tha  #SriLankan #Maldives #Nepal #Pakistani #Indians #Bhutan #Dubai #UAE #Malaysia  #Singapore #Japan #Eritrea #Senegal //
https://t.co/GM42MiUnju",international scholars
8.28946E+17,2018-03-10 10:25:19+00:00, ,9.72418E+17,en,0,0,0,0, ,"4th International Heart Conference
https://t.co/JnTbEi3kyp
Theme: Innovative Forum for Cardiologists and Scholars

September 10-11, 2018  | #Singapore https://t.co/EJLlpRgiBQ",international scholars
9.34641E+17,2018-04-07 09:35:30+00:00, ,9.82552E+17,en,1,0,0,0, ,"Medicare Conference 2018 at Singapore is the best #international_platform  for the #Researchers, #Doctors, #Dieticians, #Scholars to share their knowledge. #DiabetesMedicareConference at #Singapore in #August 17-18, 2018
For more details visit: https://t.co/wr9qX13Hd6 https://t.co/EuKcjefmWe",international scholars
8.90258E+17,2018-05-07 06:43:50+00:00, ,9.93381E+17,en,1,0,0,0, ,"Join this #International #Event and meet #Chemistry #scholars, Scientists, and gather some quality experience. Hurry up and avail this opportunity!!
10 days to go!!
Venue: #Holiday Inn Atrium, Outram Road #Singapore
On spot Registrations Available!
Visit: https://t.co/dbhZsAzWvm https://t.co/0KX8L8wUfL",international scholars
9.91576E+17,2018-06-28 10:46:33+00:00, ,1.01229E+18,en,0,0,0,1, ,"RT @visitgansu2017: On Jun 22, Hometown of Emperor Fuxi-2018 International Promotion Summit of Tianshui Culture Tourism was held in Tianshu＃",international scholars
8.41471E+17,2018-06-28 10:42:18+00:00, ,1.01229E+18,en,1,0,0,1, ,"On Jun 22, Hometown of Emperor Fuxi-2018 International Promotion Summit of Tianshui Culture Tourism was held in Tianshui Hotel. A number of experts, scholars and entrepreneurs from China, The United States, Britain, Germany, Bulgaria and Singapore attended the summit. https://t.co/TBwL2vWpE2",international scholars
1063699825,2018-07-29 22:22:25+00:00, ,1.0237E+18,en,6,0,0,0, ,"In Singapore @yalenus with a stellar group of international scholars to participate in a workshop called ""Transecting 'Healthy' and 'Sustainable' Food in the Asia-Pacific,"" hosted by Prof. Marvin Montefrio of the Environmental Studies Dept. and our own @wilkr of @IUFoodInstitute!",international scholars
9.4957E+17,2018-07-16 07:38:10+00:00, ,1.01876E+18,en,1,0,0,0, ,"#BiYong partners with National University of Singapore to host a session on July 18 in #Singapore. The president of #NUS, Mr. Tan Eng Chye; the CTO of #GIC, Ms. Wu Choy Peng, and many more renowned scholars from NUS and various international organizations will attend #blockchain https://t.co/8eICYPTJno",international scholars
9.44066E+17,2018-07-14 20:41:50+00:00, ,1.01823E+18,en,0,0,0,6, ,RT @WEForg: This year's Singapore International Water Week scholars are working with water leaders from around the world to share and creat＃,international scholars
20717817,2018-07-13 15:44:45+00:00, ,1.0178E+18,en,0,0,0,6, ,RT @WEForg: This year's Singapore International Water Week scholars are working with water leaders from around the world to share and creat＃,international scholars
7.43845E+17,2018-07-13 09:03:56+00:00, ,1.0177E+18,en,0,0,0,6, ,RT @WEForg: This year's Singapore International Water Week scholars are working with water leaders from around the world to share and creat＃,international scholars
1859121715,2018-07-12 21:24:42+00:00, ,1.01752E+18,en,0,0,0,6, ,RT @WEForg: This year's Singapore International Water Week scholars are working with water leaders from around the world to share and creat＃,international scholars
8.27628E+17,2018-07-12 21:05:12+00:00, ,1.01752E+18,en,0,0,0,6, ,RT @WEForg: This year's Singapore International Water Week scholars are working with water leaders from around the world to share and creat＃,international scholars
85691651,2018-07-12 18:56:24+00:00, ,1.01748E+18,en,0,0,0,6, ,RT @WEForg: This year's Singapore International Water Week scholars are working with water leaders from around the world to share and creat＃,international scholars
62620585,2018-07-12 16:25:11+00:00, ,1.01744E+18,en,19,0,0,6, ,This year's Singapore International Water Week scholars are working with water leaders from around the world to share and create innovative solutions to integrate sustainable water management strategies with urban planning processes! @NACWA @WaterResearch https://t.co/OGXAeUy5JY,international scholars
14543855,2018-07-07 06:14:26+00:00, ,1.01548E+18,en,0,0,0,3, ,RT @KathyBurnsCNS: International Visiting Nurse Scholars Rui and Liu from Singapore just completed a 4 week visit ?@ClevelandClinic? focusi＃,international scholars
398557799,2018-07-07 02:42:13+00:00, ,1.01543E+18,en,0,0,0,3, ,RT @KathyBurnsCNS: International Visiting Nurse Scholars Rui and Liu from Singapore just completed a 4 week visit ?@ClevelandClinic? focusi＃,international scholars
2510728238,2018-07-07 01:01:56+00:00, ,1.0154E+18,en,0,0,0,3, ,RT @KathyBurnsCNS: International Visiting Nurse Scholars Rui and Liu from Singapore just completed a 4 week visit ?@ClevelandClinic? focusi＃,international scholars
9.71817E+17,2018-07-06 21:10:58+00:00, ,1.01534E+18,en,9,0,0,3, ,International Visiting Nurse Scholars Rui and Liu from Singapore just completed a 4 week visit ?@ClevelandClinic? focusing on complex respiratory care. They were impressed with our interdisciplinary teams &amp; seeing nurses practicing at top of license. #cleclinicnurses https://t.co/a4jwEDXGhO,international scholars
author id,created_at,geo,id,lang,like_count,quote_count,reply_count,retweet_count,source,tweet,international scholars
140383878,2010-07-14 16:49:04+00:00, ,18533141359,en,0,0,0,0, ,"Islamic scholars gather for international conference in Singapore+: SINGAPORE, July 14 (AP) - (Kyodo)?Islamic scho... http://bit.ly/dpyNA4",international scholars
35595232,2010-07-14 10:29:35+00:00, ,18509832848,en,0,0,0,0, ,"Islamic scholars gather for international conference in ... - Big Hollywood: SINGAPORE, July 14 (AP) - (Kyodo)〞Isl... http://bit.ly/d8qxFp",international scholars
90293967,2010-07-14 10:11:58+00:00, ,18509108397,en,0,0,0,0, ,Islamic scholars gather for international conference in Singapore+: (Kyodo) _ Islamic scholars and delegates from ... http://bit.ly/9Pcmd9,international scholars
author id,created_at,geo,id,lang,like_count,quote_count,reply_count,retweet_count,source,tweet,international scholars
140383878,2010-07-14 16:49:04+00:00, ,18533141359,en,0,0,0,0, ,"Islamic scholars gather for international conference in Singapore+: SINGAPORE, July 14 (AP) - (Kyodo)?Islamic scho... http://bit.ly/dpyNA4",international scholars
35595232,2010-07-14 10:29:35+00:00, ,18509832848,en,0,0,0,0, ,"Islamic scholars gather for international conference in ... - Big Hollywood: SINGAPORE, July 14 (AP) - (Kyodo)〞Isl... http://bit.ly/d8qxFp",international scholars
90293967,2010-07-14 10:11:58+00:00, ,18509108397,en,0,0,0,0, ,Islamic scholars gather for international conference in Singapore+: (Kyodo) _ Islamic scholars and delegates from ... http://bit.ly/9Pcmd9,international scholars
20220846,2010-08-20 00:11:01+00:00, ,21619535054,en,0,0,0,1, ,"RT @IntlBuzz: International Buzz welcomed new GA Tech scholars today from China, France, Germany, Ghana, India, Iran, Nigeria, Singapore ...",international scholars
88185670,2010-08-19 00:33:13+00:00, ,21533781513,en,0,0,0,1, ,"International Buzz welcomed new GA Tech scholars today from China, France, Germany, Ghana, India, Iran, Nigeria, Singapore & Venezuela. Wow!",international scholars
838278434,2012-11-05 14:16:58+00:00, ,2.65458E+17,en,0,0,0,0, ,"*Singapore, 1-2 Dec 2012* Spiritual retreat featuring international &amp; local scholars. Seeking knowledge is a must... http://t.co/xgAoSdgr",international scholars
344797535,2013-08-07 10:59:52+00:00, ,3.65065E+17,en,0,0,0,0, ,#ApplyNow #Singapore International Graduate Award 2014-2015: Scholars Hub Africa Applications＃ http://t.co/cROVtG8b5t,international scholars
1077571,2013-08-01 11:52:28+00:00, ,3.62904E+17,en,1,0,1,3, ,Correction - foreign scholars. RT @ChannelNewsAsia S'pore students excel at international science olympiads http://t.co/gyQpo73NuD,international scholars
344797535,2014-05-24 03:35:29+00:00, ,4.70045E+17,en,0,0,0,0, ,#NEW NUS Tembusu International Scholarship in Singapore 2014: Scholars Hub Africa The＃ http://t.co/uQK9QbTw8F,international scholars
276372068,2014-05-24 03:17:10+00:00, ,4.70041E+17,en,0,0,0,0, ,NUS Tembusu International Scholarship in Singapore 2014: Scholars Hub AfricaThe National＃ http://t.co/MKKY5ncOY7,international scholars
92425527,2014-06-06 00:05:44+00:00, ,4.74704E+17,en,0,0,0,0, ,"#shangha, china #international convention of asia scholars 3 #2003 #icas4 #singapore＃ http://t.co/DAbTpJmLXT",international scholars
316890146,2014-09-29 19:05:24+00:00, ,5.16665E+17,en,0,0,0,1, ,RT @WEFTEC: Singapore International Water Week:  Learn ideas @ WEFTEC from the "Singapore Scholars" Wed 12:15-1:15 in the Learning Lounge-W＃,international scholars
225165493,2014-09-29 18:22:14+00:00, ,5.16654E+17,en,1,0,0,1, ,Singapore International Water Week:  Learn ideas @ WEFTEC from the "Singapore Scholars" Wed 12:15-1:15 in the Learning Lounge-WEF Plaza,international scholars
1670580409,2014-09-29 13:11:16+00:00, ,5.16576E+17,en,0,0,0,1, ,RT @WEFTEC: Singapore International Water Week:  Learn some ideas @ WEFTEC from the "Singapore Scholars" Wed 12:15-1:15 in the Learning Lou＃,international scholars
225165493,2014-09-29 12:36:08+00:00, ,5.16567E+17,en,0,0,0,1, ,Singapore International Water Week:  Learn some ideas @ WEFTEC from the "Singapore Scholars" Wed 12:15-1:15 in the Learning Lounge-WEF Plaza,international scholars
225165493,2014-10-01 17:27:49+00:00, ,5.17365E+17,en,0,0,0,1, ,RT @ShawnHWaterJAM: Singapore Scholars at #WEFTEC14 Great discussion on the International Conference held a few months back http://t.co/tKV＃,international scholars
1670580409,2014-10-01 17:26:46+00:00, ,5.17365E+17,en,1,0,0,1, ,Singapore Scholars at #WEFTEC14 Great discussion on the International Conference held a few months back http://t.co/tKVv3V4Tyj,international scholars
195782221,2014-11-18 15:01:53+00:00, ,5.34723E+17,en,0,0,0,1, ,RT @WheelockCollege: .@WheelockGlobal hosts visiting scholars from Singapore: ※What it Means to Make and Teach the Arts in Singapore.§ 4pm ＃,international scholars
83896876,2014-11-17 18:15:16+00:00, ,5.34409E+17,en,1,0,0,1, ,.@WheelockGlobal hosts visiting scholars from Singapore: ※What it Means to Make and Teach the Arts in Singapore.§ 4pm http://t.co/rQNb3MnuvL,international scholars
2469032790,2015-02-07 09:01:46+00:00, ,5.63986E+17,en,0,0,0,0, ,At the AGM 2015 (Malaysia &amp; Singapore) of The International Council of Malaysian Scholars and Associates. http://t.co/PxTOPIW60S,international scholars
1071589441,2015-03-15 11:56:14+00:00, ,5.77076E+17,en,0,0,0,0, ,International Scholars  An undergrad #scholarship in Singapore for both local and #international #st http://t.co/wNqTVlVpUL,international scholars
15530500,2015-12-17 15:24:58+00:00, ,6.7751E+17,en,0,0,0,0, ,"Meet 4 students who came to U of T engineering from Jordan, Singapore, Mexico and Vietnam https://t.co/ch1NWRyIN4 https://t.co/BAJVG3UwNf",international scholars
52415633,2015-12-14 15:28:11+00:00, ,6.76423E+17,en,0,0,0,0, ,"There are many summer or international opportunities: Yale Youth Global Scholars-Singapore, Wheaton Summer College, &amp; Cornell U. Summer.",international scholars
344797535,2016-02-11 14:16:37+00:00, ,6.97786E+17,en,0,0,0,0, ,"#NEW IRAS Undergraduate Scholarship for International Students in Singapore, 2016: Scholars＃ https://t.co/a3KbUFXTqG",international scholars
215593833,2016-03-06 03:01:53+00:00, ,7.06314E+17,en,0,0,0,0, ,Teaching course in Singapore https://t.co/E4Uu5PsnAJ,international scholars
3188960188,2016-07-20 00:44:56+00:00, ,7.55564E+17,en,0,0,0,0, ,BWF Scholars-International Travel to Singapore-Exploring best practices @BWFUND @ncstem  #bwfsmp #bwfcasmt #singbwf https://t.co/T3rRkcugGs,international scholars
344797535,2016-07-12 08:58:45+00:00, ,7.52789E+17,en,0,0,0,0, ,"#NEW SP Jain Undergraduate Scholarships for International Students, Singapore: Scholars Hub＃ https://t.co/KZcV0TMrr7",international scholars
3230539927,2016-10-03 18:05:52+00:00, ,7.83005E+17,en,0,0,0,0, ,"Doctoral Scholarships in National University for International Students in Singapore, 2017: Doctoral Scholars... https://t.co/wyH0eRPQvA",international scholars
258748784,2017-12-28 22:52:17+00:00, ,9.46514E+17,en,0,0,0,1, ,"RT @SchHubAfrica: #NEW NTU Research Scholarship for International Students in #Singapore, 2018: Scholars Hub＃ https://t.co/w2fIizfebk",international scholars
344797535,2017-12-28 07:40:54+00:00, ,9.46285E+17,en,0,0,0,1, ,"#NEW NTU Research Scholarship for International Students in #Singapore, 2018: Scholars Hub＃ https://t.co/w2fIizfebk",international scholars
344797535,2017-12-27 07:33:12+00:00, ,9.4592E+17,en,0,0,0,0, ,"#NEW SINGA Awards for International Students in #Singapore, 2018: Scholars Hub Africa The＃ https://t.co/MrHwGqsVCu",international scholars
344797535,2017-12-26 06:18:11+00:00, ,9.45539E+17,en,0,0,0,0, ,"#NEW SMART Graduate Fellowship for International Students in #Singapore, 2018: Scholars Hub＃ https://t.co/k4NyFo7nju",international scholars
8.09285E+17,2017-12-20 07:05:15+00:00, ,9.43377E+17,en,0,0,0,0, ,Invitation for #oncologists to participate at the #international conference on #cancer to be held in #Singapore-#Global Cancer 2018. A gathering of #professors #oncologists and #research scholars from all over the world. https://t.co/ZJq5vVGPRJ,international scholars
125324383,2018-01-23 07:31:20+00:00, ,9.55704E+17,en,0,0,0,0, ,Singapore: NTU offers lucrative scholarships to local and international scholars＃ https://t.co/FiVJW1H8go,international scholars
8.09285E+17,2018-01-02 11:01:38+00:00, ,9.48147E+17,en,0,1,0,0, ,"""Redefining the Frontiers in #Oncology Research"" at the #International conference on #Cancer at #Singapore. Gathering of #oncologists, #pathologists, #radiologists, #research scholars https://t.co/YssnFAmvAN",international scholars
15432179,2018-01-01 01:06:18+00:00, ,9.47635E+17,en,2,0,1,0, ,"#ICPP3 (International Conference on Public Policy) in Singapore at @LKYSch was AMAZING. I presented 3 papers, met amazing public policy scholars, and got to see one of my oldest and closest friends who was passing by Singapore right at the same time.",international scholars
114630365,2018-02-24 11:49:11+00:00, ,9.67366E+17,en,0,0,0,12, ,"RT @Prof_Zeger: Registration is now open for #PMRC2018 @PMRC2018 at https://t.co/dgIyqzpExh, the biggest ever international PMRC! We expect＃",international scholars
44512498,2018-02-23 01:55:52+00:00, ,9.66854E+17,en,0,0,0,12, ,"RT @Prof_Zeger: Registration is now open for #PMRC2018 @PMRC2018 at https://t.co/dgIyqzpExh, the biggest ever international PMRC! We expect＃",international scholars
2927231242,2018-02-23 00:52:17+00:00, ,9.66838E+17,en,0,0,0,12, ,"RT @Prof_Zeger: Registration is now open for #PMRC2018 @PMRC2018 at https://t.co/dgIyqzpExh, the biggest ever international PMRC! We expect＃",international scholars
161894846,2018-02-22 14:26:46+00:00, ,9.66681E+17,en,0,0,0,12, ,"RT @Prof_Zeger: Registration is now open for #PMRC2018 @PMRC2018 at https://t.co/dgIyqzpExh, the biggest ever international PMRC! We expect＃",international scholars
7.60182E+17,2018-02-22 13:47:55+00:00, ,9.66671E+17,en,0,0,0,12, ,"RT @Prof_Zeger: Registration is now open for #PMRC2018 @PMRC2018 at https://t.co/dgIyqzpExh, the biggest ever international PMRC! We expect＃",international scholars
62335843,2018-02-22 07:19:48+00:00, ,9.66573E+17,en,0,0,0,12, ,"RT @Prof_Zeger: Registration is now open for #PMRC2018 @PMRC2018 at https://t.co/dgIyqzpExh, the biggest ever international PMRC! We expect＃",international scholars
3709333163,2018-02-22 07:16:33+00:00, ,9.66572E+17,en,0,0,0,12, ,"RT @Prof_Zeger: Registration is now open for #PMRC2018 @PMRC2018 at https://t.co/dgIyqzpExh, the biggest ever international PMRC! We expect＃",international scholars
2804332645,2018-02-22 07:00:46+00:00, ,9.66568E+17,en,0,0,0,12, ,"RT @Prof_Zeger: Registration is now open for #PMRC2018 @PMRC2018 at https://t.co/dgIyqzpExh, the biggest ever international PMRC! We expect＃",international scholars
832683854,2018-02-22 06:55:03+00:00, ,9.66567E+17,en,0,0,0,12, ,"RT @Prof_Zeger: Registration is now open for #PMRC2018 @PMRC2018 at https://t.co/dgIyqzpExh, the biggest ever international PMRC! We expect＃",international scholars
7.79306E+17,2018-02-22 06:43:37+00:00, ,9.66564E+17,en,14,2,1,12, ,"Registration is now open for #PMRC2018 @PMRC2018 at https://t.co/dgIyqzpExh, the biggest ever international PMRC! We expect 350 leading public management scholars from across the globe. Can't wait to host you all at our beautiful campus here in #singapore. @pmrajpart @LKYSch",international scholars
130431285,2018-03-10 12:10:09+00:00, ,9.72444E+17,en,0,0,0,1, ,"RT @studentvisa4you: #Obama Foundation #Scholars Program 2018 in #USA for International #Students -// 
#Bangladesh #Bangladeshi #Dhaka #Chi＃",international scholars
3096473185,2018-03-10 11:37:57+00:00, ,9.72436E+17,en,1,0,0,1, ,"#Obama Foundation #Scholars Program 2018 in #USA for International #Students -// 
#Bangladesh #Bangladeshi #Dhaka #Chittagong #Tha  #SriLankan #Maldives #Nepal #Pakistani #Indians #Bhutan #Dubai #UAE #Malaysia  #Singapore #Japan #Eritrea #Senegal //
https://t.co/GM42MiUnju",international scholars
8.28946E+17,2018-03-10 10:25:19+00:00, ,9.72418E+17,en,0,0,0,0, ,"4th International Heart Conference
https://t.co/JnTbEi3kyp
Theme: Innovative Forum for Cardiologists and Scholars

September 10-11, 2018  | #Singapore https://t.co/EJLlpRgiBQ",international scholars
9.34641E+17,2018-04-07 09:35:30+00:00, ,9.82552E+17,en,1,0,0,0, ,"Medicare Conference 2018 at Singapore is the best #international_platform  for the #Researchers, #Doctors, #Dieticians, #Scholars to share their knowledge. #DiabetesMedicareConference at #Singapore in #August 17-18, 2018
For more details visit: https://t.co/wr9qX13Hd6 https://t.co/EuKcjefmWe",international scholars
8.90258E+17,2018-05-07 06:43:50+00:00, ,9.93381E+17,en,1,0,0,0, ,"Join this #International #Event and meet #Chemistry #scholars, Scientists, and gather some quality experience. Hurry up and avail this opportunity!!
10 days to go!!
Venue: #Holiday Inn Atrium, Outram Road #Singapore
On spot Registrations Available!
Visit: https://t.co/dbhZsAzWvm https://t.co/0KX8L8wUfL",international scholars
9.91576E+17,2018-06-28 10:46:33+00:00, ,1.01229E+18,en,0,0,0,1, ,"RT @visitgansu2017: On Jun 22, Hometown of Emperor Fuxi-2018 International Promotion Summit of Tianshui Culture Tourism was held in Tianshu＃",international scholars
8.41471E+17,2018-06-28 10:42:18+00:00, ,1.01229E+18,en,1,0,0,1, ,"On Jun 22, Hometown of Emperor Fuxi-2018 International Promotion Summit of Tianshui Culture Tourism was held in Tianshui Hotel. A number of experts, scholars and entrepreneurs from China, The United States, Britain, Germany, Bulgaria and Singapore attended the summit. https://t.co/TBwL2vWpE2",international scholars
1063699825,2018-07-29 22:22:25+00:00, ,1.0237E+18,en,6,0,0,0, ,"In Singapore @yalenus with a stellar group of international scholars to participate in a workshop called ""Transecting 'Healthy' and 'Sustainable' Food in the Asia-Pacific,"" hosted by Prof. Marvin Montefrio of the Environmental Studies Dept. and our own @wilkr of @IUFoodInstitute!",international scholars
9.4957E+17,2018-07-16 07:38:10+00:00, ,1.01876E+18,en,1,0,0,0, ,"#BiYong partners with National University of Singapore to host a session on July 18 in #Singapore. The president of #NUS, Mr. Tan Eng Chye; the CTO of #GIC, Ms. Wu Choy Peng, and many more renowned scholars from NUS and various international organizations will attend #blockchain https://t.co/8eICYPTJno",international scholars
9.44066E+17,2018-07-14 20:41:50+00:00, ,1.01823E+18,en,0,0,0,6, ,RT @WEForg: This year's Singapore International Water Week scholars are working with water leaders from around the world to share and creat＃,international scholars
20717817,2018-07-13 15:44:45+00:00, ,1.0178E+18,en,0,0,0,6, ,RT @WEForg: This year's Singapore International Water Week scholars are working with water leaders from around the world to share and creat＃,international scholars
7.43845E+17,2018-07-13 09:03:56+00:00, ,1.0177E+18,en,0,0,0,6, ,RT @WEForg: This year's Singapore International Water Week scholars are working with water leaders from around the world to share and creat＃,international scholars
1859121715,2018-07-12 21:24:42+00:00, ,1.01752E+18,en,0,0,0,6, ,RT @WEForg: This year's Singapore International Water Week scholars are working with water leaders from around the world to share and creat＃,international scholars
8.27628E+17,2018-07-12 21:05:12+00:00, ,1.01752E+18,en,0,0,0,6, ,RT @WEForg: This year's Singapore International Water Week scholars are working with water leaders from around the world to share and creat＃,international scholars
85691651,2018-07-12 18:56:24+00:00, ,1.01748E+18,en,0,0,0,6, ,RT @WEForg: This year's Singapore International Water Week scholars are working with water leaders from around the world to share and creat＃,international scholars
62620585,2018-07-12 16:25:11+00:00, ,1.01744E+18,en,19,0,0,6, ,This year's Singapore International Water Week scholars are working with water leaders from around the world to share and create innovative solutions to integrate sustainable water management strategies with urban planning processes! @NACWA @WaterResearch https://t.co/OGXAeUy5JY,international scholars
14543855,2018-07-07 06:14:26+00:00, ,1.01548E+18,en,0,0,0,3, ,RT @KathyBurnsCNS: International Visiting Nurse Scholars Rui and Liu from Singapore just completed a 4 week visit ?@ClevelandClinic? focusi＃,international scholars
398557799,2018-07-07 02:42:13+00:00, ,1.01543E+18,en,0,0,0,3, ,RT @KathyBurnsCNS: International Visiting Nurse Scholars Rui and Liu from Singapore just completed a 4 week visit ?@ClevelandClinic? focusi＃,international scholars
2510728238,2018-07-07 01:01:56+00:00, ,1.0154E+18,en,0,0,0,3, ,RT @KathyBurnsCNS: International Visiting Nurse Scholars Rui and Liu from Singapore just completed a 4 week visit ?@ClevelandClinic? focusi＃,international scholars
9.71817E+17,2018-07-06 21:10:58+00:00, ,1.01534E+18,en,9,0,0,3, ,International Visiting Nurse Scholars Rui and Liu from Singapore just completed a 4 week visit ?@ClevelandClinic? focusing on complex respiratory care. They were impressed with our interdisciplinary teams &amp; seeing nurses practicing at top of license. #cleclinicnurses https://t.co/a4jwEDXGhO,international scholars
15017541,2018-08-28 04:34:59+00:00, ,1.0343E+18,en,0,0,0,1, ,RT @FuDaoge: excellent piece but leaves out the complete intolerance towards ethnic minorities pointing out continued systemic discriminati＃,international scholars
740217632,2018-08-28 04:25:00+00:00, ,1.0343E+18,en,0,0,0,1, ,excellent piece but leaves out the complete intolerance towards ethnic minorities pointing out continued systemic discrimination. SG Malay scholars abroad who do so can't come home. https://t.co/f9NZ52ugzc,international scholars
9.62205E+17,2018-08-25 05:36:04+00:00, ,1.03323E+18,en,0,0,0,0, ,"Conference Series llc LTD invites all the scholars from all over the world to attend and present their respective scientific research at '8th International Conference on Biodiversity Conservation and Ecosystem Management' during May15-16,2019 in Singapore 
https://t.co/TvLvXlcD3h https://t.co/GECs8mvbJL",international scholars
183166373,2018-08-13 13:36:41+00:00, ,1.029E+18,en,0,0,0,2, ,"RT @RedWhiteBlueDot: International scholars are in Singapore for the ※America＊s Asia, Asia＊s America§ conference organized by the Asia Rese＃",international scholars
454645641,2018-08-13 13:32:38+00:00, ,1.029E+18,en,2,0,1,2, ,"International scholars are in Singapore for the ※America＊s Asia, Asia＊s America§ conference organized by the Asia Research Institute at @NUSingapore and @TexasTech University and co-sponsored by the U.S. Embassy. https://t.co/FtTTL4FeOQ",international scholars
14809630,2018-09-09 10:00:42+00:00, ,1.03873E+18,en,1,0,0,0, ,"4th International #Heart Conference will take place under the theme ※Innovative Forum for #Cardiologists and Scholars§ during September 10-11, 2018 in #Singapore. @AdvncdHeart2018 #AdvancedHeart2018 https://t.co/gefq1CKCvC",international scholars
8.00954E+17,2018-10-22 09:50:38+00:00, ,1.05431E+18,en,0,0,0,0, ,"#Surgery 2019 invites #Surgeons #Researchers #Students #Scholars #Delegates #Exhibitors to be part of our 3rd International Conference on Surgery and Anaesthesia  in Singapore from March 22-23, 2019.
For more details: 
https://t.co/8r49HR8Y80 https://t.co/M0tezmwMPR",international scholars
8.00954E+17,2018-10-10 12:47:50+00:00, ,1.05E+18,en,0,0,0,0, ,"#Surgery 2019 invites #Surgeons #Researchers #Students #Scholars #Delegates #Exhibitors to be part of our 3rd International Conference on Surgery and Anaesthesia  in Singapore from March 22-23, 2019.

For more details: 
https://t.co/8r49HR8Y80 https://t.co/6Ggv3tvGPj",international scholars
943646791,2018-11-06 03:06:03+00:00, ,1.05964E+18,en,4,0,0,0, ,"Turk Egitim Vakfi @TEVKurumsal Singapur'da ogrencileri ile!
Turkish Educational Foundation visited the Ph.D. scholars in Singapore. We are also the awardees of the Singapore International Graduate Award (SINGA).  #tevbursiyerleri https://t.co/y0O13arjNG",international scholars
47905449,2019-03-24 14:53:40+00:00, ,1.10983E+18,en,0,0,0,1, ,"RT @nbanthia: Top international #universities in the world are in #Switzerland, #HongKong, #Singapore and #UK! These global schools have sc＃",international scholars
53498980,2019-03-24 01:26:45+00:00, ,1.10963E+18,en,2,0,0,1, ,"Top international #universities in the world are in #Switzerland, #HongKong, #Singapore and #UK! These global schools have scholars from around the world that tackle global problems! #StudentMobility #globaldev https://t.co/OAApJdOQkA https://t.co/9YYyJh0P5r",international scholars
2842507207,2019-04-26 00:50:51+00:00, ,1.12158E+18,en,0,0,0,1, ,RT @DanielPAldrich: Academics fear that international academic journals will issue corrections to prevent their content being blocked in Si＃,international scholars
593950896,2019-04-25 11:00:53+00:00, ,1.12137E+18,en,0,0,1,1, ,Academics fear that international academic journals will issue corrections to prevent their content being blocked in Singapore and it could also make foreign scholars more reluctant to collaborate with Singaporeans @AAUP @insidehighered https://t.co/RwXPPEur21,international scholars
72513933,2019-06-26 09:10:18+00:00, ,1.14381E+18,en,0,0,0,3, ,"RT @scholarshipsls: #Lesotho scholars, you are eligible to apply for the Singapore International Graduate Award (SINGA), (for PhD training)＃",international scholars
8.19483E+17,2019-06-23 19:44:57+00:00, ,1.14288E+18,en,0,0,0,3, ,"RT @scholarshipsls: #Lesotho scholars, you are eligible to apply for the Singapore International Graduate Award (SINGA), (for PhD training)＃",international scholars
1746449744,2019-06-23 19:41:41+00:00, ,1.14288E+18,en,0,0,0,3, ,"RT @scholarshipsls: #Lesotho scholars, you are eligible to apply for the Singapore International Graduate Award (SINGA), (for PhD training)＃",international scholars
551351391,2019-06-23 12:35:41+00:00, ,1.14277E+18,en,0,0,0,1, ,"RT @scholars_portal: Kindly RETWEET and FORWARD this message so others can see! ?

https://t.co/FMXW5MZvGY

This post 2020/2021 Singapore I＃",international scholars
9.94548E+17,2019-06-23 12:25:16+00:00, ,1.14277E+18,en,4,0,0,1, ,"Kindly RETWEET and FORWARD this message so others can see! ?

https://t.co/FMXW5MZvGY

This post 2020/2021 Singapore International Graduate Award (SINGA) for PhD Students | Scholars Portal first appeared on ScholarsPortal .com.

#scholarships #scholarships2019 #scholarsportal",international scholars
9.46501E+17,2019-06-23 10:13:00+00:00, ,1.14274E+18,en,4,0,0,3, ,"#Lesotho scholars, you are eligible to apply for the Singapore International Graduate Award (SINGA), (for PhD training)

Deadline: 1 December 2019
 https://t.co/8C6dSi8SCQ

#Scholarships2019 https://t.co/qtmBuwBYvK",international scholars
8.16919E+17,2019-06-04 10:23:41+00:00, ,1.13585E+18,en,3,0,1,0, ,"""Published!"" Singapore Art Book Fair 2019 explores the media of publishing as a research space,  bringing together local, regional, and international publishers, writers, artists, and scholars who deal with what it means to publish about art as a knowledge-producing format. https://t.co/bCKYtNFAZt",international scholars
593550944,2019-07-17 11:27:11+00:00, ,1.15145E+18,en,0,0,0,1, ,"RT @FNightingaleF: @westwood_greta attended the #ICNCongress in Singapore. During her visit, she visited the Kranji Commonwealth War Grave＃",international scholars
988668133,2019-07-17 10:15:05+00:00, ,1.15144E+18,en,2,0,0,1, ,"@westwood_greta attended the #ICNCongress in Singapore. During her visit, she visited the Kranji Commonwealth War Grave Cemetery with some scholars and other nurses who attended the Congress. Read our news story on the link below. 

https://t.co/C05vWCFcL7
@qaranchistory https://t.co/JFvRCBv13r",international scholars
168667736,2019-09-28 05:21:19+00:00, ,1.17782E+18,en,0,0,0,12, ,RT @scholarshipsls: #Lesotho scholars you are eligible to apply for the Fully Funded Singapore International Graduate Award 2020 每 SINGA 20＃,international scholars
562771861,2019-09-25 18:55:10+00:00, ,1.17693E+18,en,0,0,0,12, ,RT @scholarshipsls: #Lesotho scholars you are eligible to apply for the Fully Funded Singapore International Graduate Award 2020 每 SINGA 20＃,international scholars
7.11518E+17,2019-09-25 18:17:53+00:00, ,1.17692E+18,en,0,0,0,12, ,RT @scholarshipsls: #Lesotho scholars you are eligible to apply for the Fully Funded Singapore International Graduate Award 2020 每 SINGA 20＃,international scholars
2563311723,2019-09-25 17:01:56+00:00, ,1.1769E+18,en,0,0,0,12, ,RT @scholarshipsls: #Lesotho scholars you are eligible to apply for the Fully Funded Singapore International Graduate Award 2020 每 SINGA 20＃,international scholars
1678166755,2019-09-25 16:20:20+00:00, ,1.17689E+18,en,0,0,0,12, ,RT @scholarshipsls: #Lesotho scholars you are eligible to apply for the Fully Funded Singapore International Graduate Award 2020 每 SINGA 20＃,international scholars
8.06821E+17,2019-09-25 14:06:53+00:00, ,1.17686E+18,en,0,0,0,12, ,RT @scholarshipsls: #Lesotho scholars you are eligible to apply for the Fully Funded Singapore International Graduate Award 2020 每 SINGA 20＃,international scholars
7.12958E+17,2019-09-25 12:12:12+00:00, ,1.17683E+18,en,0,0,0,12, ,RT @scholarshipsls: #Lesotho scholars you are eligible to apply for the Fully Funded Singapore International Graduate Award 2020 每 SINGA 20＃,international scholars
1235579413,2019-09-25 11:48:48+00:00, ,1.17683E+18,en,0,0,0,12, ,RT @scholarshipsls: #Lesotho scholars you are eligible to apply for the Fully Funded Singapore International Graduate Award 2020 每 SINGA 20＃,international scholars
201177360,2019-09-25 11:01:13+00:00, ,1.17681E+18,en,0,0,0,12, ,RT @scholarshipsls: #Lesotho scholars you are eligible to apply for the Fully Funded Singapore International Graduate Award 2020 每 SINGA 20＃,international scholars
2314129683,2019-09-25 10:54:52+00:00, ,1.17681E+18,en,0,0,0,12, ,RT @scholarshipsls: #Lesotho scholars you are eligible to apply for the Fully Funded Singapore International Graduate Award 2020 每 SINGA 20＃,international scholars
379941052,2019-09-25 09:52:48+00:00, ,1.1768E+18,en,0,0,0,12, ,RT @scholarshipsls: #Lesotho scholars you are eligible to apply for the Fully Funded Singapore International Graduate Award 2020 每 SINGA 20＃,international scholars
153769680,2019-09-25 05:42:18+00:00, ,1.17673E+18,en,0,0,0,12, ,RT @scholarshipsls: #Lesotho scholars you are eligible to apply for the Fully Funded Singapore International Graduate Award 2020 每 SINGA 20＃,international scholars
9.46501E+17,2019-09-25 05:32:23+00:00, ,1.17673E+18,en,7,0,0,12, ,"#Lesotho scholars you are eligible to apply for the Fully Funded Singapore International Graduate Award 2020 每 SINGA 2020

Level: Ph.D

Deadline: 1 December 2019

https://t.co/nHVY8qF4sW

#Scholarships2019",international scholars
8.00954E+17,2019-09-10 08:01:15+00:00, ,1.17133E+18,en,0,0,0,0, ,"#Submit_Abstract#Book_Your_Slots#Be_Part_of_7th_International_Conference_on_Cosmetology_ &amp; _Beauty which will be held during #October 16-17, 2019 at Singapore City
#Expert_Gathers#Academicians#Researchers#Scholars#Industry https://t.co/CojUggdYXc",international scholars
85691651,2019-10-24 17:36:11+00:00, ,1.18742E+18,en,0,0,0,3, ,RT @WEForg: The 2020 Singapore International Water Week Scholar Program is taking applications! The selected scholars will comprise the US＃,international scholars
24878961,2019-10-23 14:33:07+00:00, ,1.18701E+18,en,0,0,0,3, ,RT @WEForg: The 2020 Singapore International Water Week Scholar Program is taking applications! The selected scholars will comprise the US＃,international scholars
1.1392E+18,2019-10-23 12:36:05+00:00, ,1.18698E+18,en,0,0,0,3, ,RT @WEForg: The 2020 Singapore International Water Week Scholar Program is taking applications! The selected scholars will comprise the US＃,international scholars
62620585,2019-10-22 15:55:15+00:00, ,1.18667E+18,en,4,0,0,3, ,The 2020 Singapore International Water Week Scholar Program is taking applications! The selected scholars will comprise the US delegation of utility leaders attending Singapore International Water Week: https://t.co/W7fuey47oE @NACWA @WaterResearch @PUBsingapore @WaterWeekSG https://t.co/VoBIQtiAgO,international scholars
9.01093E+17,2019-10-07 13:50:54+00:00, ,1.18121E+18,en,0,0,0,4, ,"RT @MartinScheinin: Call for papers: International Association of Constitutional Law, Junior Scholars Forum 2-3 July 2020, Singapore. Deadl＃",international scholars
171762602,2019-10-03 08:43:35+00:00, ,1.17968E+18,en,0,0,0,4, ,"RT @MartinScheinin: Call for papers: International Association of Constitutional Law, Junior Scholars Forum 2-3 July 2020, Singapore. Deadl＃",international scholars
875618022,2019-10-03 08:10:57+00:00, ,1.17967E+18,en,0,0,0,4, ,"RT @MartinScheinin: Call for papers: International Association of Constitutional Law, Junior Scholars Forum 2-3 July 2020, Singapore. Deadl＃",international scholars
828887509,2019-10-03 07:58:01+00:00, ,1.17967E+18,en,0,0,0,4, ,"RT @MartinScheinin: Call for papers: International Association of Constitutional Law, Junior Scholars Forum 2-3 July 2020, Singapore. Deadl＃",international scholars
558396664,2019-10-03 07:29:32+00:00, ,1.17966E+18,en,4,0,0,4, ,"Call for papers: International Association of Constitutional Law, Junior Scholars Forum 2-3 July 2020, Singapore. Deadline 29 November 2019 https://t.co/NrT95oM9S3",international scholars
8.72099E+17,2019-11-24 12:20:47+00:00, ,1.19858E+18,en,0,0,0,3, ,"RT @HoyneDesign: At Nanyang University in Singapore, a new learning hub called The Hive is helping transform a traditional university campu＃",international scholars
7.99328E+17,2019-11-24 08:24:17+00:00, ,1.19852E+18,en,0,0,0,3, ,"RT @HoyneDesign: At Nanyang University in Singapore, a new learning hub called The Hive is helping transform a traditional university campu＃",international scholars
3005258057,2019-11-24 07:33:48+00:00, ,1.1985E+18,en,0,0,0,3, ,"RT @HoyneDesign: At Nanyang University in Singapore, a new learning hub called The Hive is helping transform a traditional university campu＃",international scholars
558472377,2019-11-24 07:30:06+00:00, ,1.1985E+18,en,3,0,0,3, ,"At Nanyang University in Singapore, a new learning hub called The Hive is helping transform a traditional university campus into a modern, interactive learning environment, with appeal for local scholars and international teaching talent. #ThePlaceEconomy #placemaking https://t.co/ZNR6sB9k4i",international scholars
29259730,2019-11-19 22:08:53+00:00, ,1.19691E+18,en,0,0,0,1, ,"RT @ECWReadytoLEAD: It's International Education Week #IEW2019! 

Since 2018, the #EconClubDC has funded 8 trips on 5 continents. Scholars＃",international scholars
2766879918,2019-11-19 19:16:17+00:00, ,1.19687E+18,en,5,0,0,1, ,"It's International Education Week #IEW2019! 

Since 2018, the #EconClubDC has funded 8 trips on 5 continents. Scholars have been supported by the Capital Explorer Fund to travel and study in Costa Rica, England, France, Italy, Jamaica, Malawi, Panama, and Singapore. #studyabroad https://t.co/OMeqKzFLEA",international scholars
249498280,2019-11-12 00:15:58+00:00, ,1.19405E+18,en,0,0,0,1, ,"RT @BethesdaQM: Can＊t wait and so privileged to present together with international scholars at the #IAFOR in Singapore on team coaching, i＃",international scholars
297742219,2019-11-11 12:20:10+00:00, ,1.19387E+18,en,5,0,1,1, ,"Can＊t wait and so privileged to present together with international scholars at the #IAFOR in Singapore on team coaching, innovation, and true collaboration in education!",international scholars
9.42692E+17,2019-11-06 06:30:30+00:00, ,1.19197E+18,en,0,0,0,1, ,"RT @InnovationInfo4: International Conference on #carbon_nano_technology and #graphene is held on  march 16-17, 2020, at Singapore with all＃",international scholars
1.1746E+18,2019-11-06 06:30:14+00:00, ,1.19197E+18,en,2,0,0,1, ,"International Conference on #carbon_nano_technology and #graphene is held on  march 16-17, 2020, at Singapore with all the #Scientists, #students, #research_scholars and interact with world＊s leading #scientists and #researchers.
 ??? ????: https://t.co/xfE0o1BtqL https://t.co/B5L9q2lR1B",international scholars
85691651,2019-11-05 17:15:18+00:00, ,1.19177E+18,en,0,0,0,1, ,RT @WEForg: ICYMI: The 2020 Singapore International Water Week Scholar Program is taking applications! The selected scholars will comprise＃,international scholars
1.06804E+18,2019-11-05 11:34:51+00:00, ,1.19168E+18,en,0,0,0,2, ,"RT @InnovationInfo4: International Conference on #carbon_nano_technology and #graphene is held on  march 16-17, 2020, at Singapore with all＃",international scholars
9.42692E+17,2019-11-05 11:11:22+00:00, ,1.19167E+18,en,0,0,0,2, ,"RT @InnovationInfo4: International Conference on #carbon_nano_technology and #graphene is held on  march 16-17, 2020, at Singapore with all＃",international scholars
1.1746E+18,2019-11-05 10:55:42+00:00, ,1.19167E+18,en,3,0,0,2, ,"International Conference on #carbon_nano_technology and #graphene is held on  march 16-17, 2020, at Singapore with all the #Scientists, #students, #research_scholars and interact with world＊s leading #scientists and #researchers.
 ??? ????: https://t.co/xfE0o1T4ij https://t.co/cKyyxrbZXC",international scholars
1.17979E+18,2019-11-04 15:06:31+00:00, ,1.19137E+18,en,0,0,0,1, ,RT @lpuuniversity: #LPU organized the "International Conference on Biosciences &amp; Biotechnology" (ICBB2019) themed around "Science For Commu＃,international scholars
76864514,2019-11-04 10:38:41+00:00, ,1.1913E+18,en,13,0,0,1, ,"#LPU organized the ""International Conference on Biosciences &amp; Biotechnology"" (ICBB2019) themed around ""Science For Community"" with renowned #Academicians, #Scientists, #Researchers &amp; scholars from India as well as other countries like USA, Australia, South Korea, Singapore, etc. https://t.co/7A8MtkLaHU",international scholars
9.42692E+17,2019-11-04 10:19:09+00:00, ,1.1913E+18,en,0,0,0,1, ,"RT @InnovationInfo4: International Conference on #carbon_nano_technology and #graphene is held on  march 16-17, 2020, at Singapore with all＃",international scholars
1.1746E+18,2019-11-04 10:18:13+00:00, ,1.1913E+18,en,2,0,0,1, ,"International Conference on #carbon_nano_technology and #graphene is held on  march 16-17, 2020, at Singapore with all the #Scientists, #students, #research_scholars and interact with world＊s leading #scientists and #researchers.
 ??? ????: https://t.co/p37MPUMqIB https://t.co/Ipprr8vzMM",international scholars
1.03812E+18,2019-11-03 08:26:16+00:00, ,1.19091E+18,en,0,0,0,1, ,RT @China__Focus: China and the United States should expand ties in areas including medical care and infrastructure in order to lessen futu＃,international scholars
9.20555E+17,2019-11-03 04:12:00+00:00, ,1.19084E+18,en,15,0,0,1, ,"China and the United States should expand ties in areas including medical care and infrastructure in order to lessen future trade tensions, politicians, scholars and business leaders said at an international symposium on China-U.S. relations in Singapore https://t.co/8Zrb6bsEao",international scholars
62620585,2019-11-01 20:25:08+00:00, ,1.19036E+18,en,4,0,0,1, ,ICYMI: The 2020 Singapore International Water Week Scholar Program is taking applications! The selected scholars will comprise the US delegation of utility leaders attending Singapore International Water Week: https://t.co/W7fuey47oE @NACWA @WaterResearch @WaterWeekSG https://t.co/DNE3gWF6Iy,international scholars
2403016908,2019-11-01 00:41:49+00:00, ,1.19007E+18,en,0,0,0,7, ,RT @XHNews: China and the United States should expand ties in areas including medical care and infrastructure in order to lessen future tra＃,international scholars
3065985109,2019-11-01 00:18:40+00:00, ,1.19006E+18,en,0,0,0,7, ,RT @XHNews: China and the United States should expand ties in areas including medical care and infrastructure in order to lessen future tra＃,international scholars
601984047,2019-12-10 04:43:47+00:00, ,1.20426E+18,en,0,0,0,2, ,RT @alaashehabi: Have spent a wonderful two days with @ssrc_org @acss_org &amp; scholars from Indian Ocean rim countries thinking about what ki＃,international scholars
20060060,2019-12-08 14:27:47+00:00, ,1.20368E+18,en,19,1,1,2, ,"Have spent a wonderful two days with @ssrc_org @acss_org &amp; scholars from Indian Ocean rim countries thinking about what kind of principles &amp; standards we need for equitable international research collaboration. Connecting Baluchistan, Kenya, India, Indonesia, Singapore, Bahrain. https://t.co/5gQkvIthon",international scholars
1.15735E+18,2020-01-28 21:25:38+00:00, ,1.22227E+18,en,1,0,0,0, ,"Christine has carried out wide-ranging national and international work on curriculum policy and teacher education, working with teachers, scholars and policy-makers in America, Australia, Singapore, Europe and the Middle East.",international scholars
1.1746E+18,2020-01-25 07:11:13+00:00, ,1.22097E+18,en,0,0,0,3, ,"RT @InnovationInfo4: International Conference on #carbon_nanotechnology and #graphene is hung on walk 16-17, 2020, at #Singapore with all t＃",international scholars
9.42692E+17,2020-01-25 06:41:08+00:00, ,1.22096E+18,en,0,0,0,3, ,"RT @InnovationInfo4: International Conference on #carbon_nanotechnology and #graphene is hung on walk 16-17, 2020, at #Singapore with all t＃",international scholars
1.1746E+18,2020-01-25 06:40:58+00:00, ,1.22096E+18,en,3,0,0,3, ,"International Conference on #carbon_nanotechnology and #graphene is hung on walk 16-17, 2020, at #Singapore with all the #Scientists, #students, #research_scholars and different experts interface with world's driving #scientists and #researchers. 
graphene@infoconferences.com https://t.co/GJX2nkyDSd",international scholars
8.88419E+17,2020-01-24 08:09:39+00:00, ,1.22062E+18,en,0,0,0,0, ,"Submit your abstracts and get your works presented amidst the international scholars!
#fetalmedicineconference #ivf #maternity #motherhood #childbirth #endometriosis #gynecology #obstetrics #callforpapers #singapore #maternalfetalmedicine https://t.co/Iso6vGdtbZ",international scholars
454645641,2020-01-23 05:24:21+00:00, ,1.22022E+18,en,3,1,0,0, ,Join us in welcoming the Spring 2020 American Gilman scholars to Singapore. The Benjamin A. Gilman International Scholarship Program participants will be studying at various Singaporean universities for the next few months. #GilmanScholarship #ExchangeOurWorld #StudyAbroad https://t.co/RHi5Oivyx4,international scholars
1.12289E+18,2020-01-22 12:57:03+00:00, ,1.21997E+18,en,0,0,0,0, ,"ASIAN CIVILISATIONS MUSEUM   RESEARCH FELLOWSHIP GRANT 2020-2021 (Singapore)

Applications are invited from International scholars to apply for the Asian Civilisations Museum (ACM) Research Fellowships.

Details: https://t.co/ecTXlPMTq7

Deadline: Jan. 31.",international scholars
1.1746E+18,2020-01-22 09:55:30+00:00, ,1.21992E+18,en,0,0,0,2, ,"RT @InnovationInfo4: International Conference on #carbon_nanotechnology and #graphene is hung on walk 16-17, 2020, at #Singapore with all t＃",international scholars
9.42692E+17,2020-01-22 05:33:55+00:00, ,1.21986E+18,en,0,0,0,2, ,"RT @InnovationInfo4: International Conference on #carbon_nanotechnology and #graphene is hung on walk 16-17, 2020, at #Singapore with all t＃",international scholars
1.1746E+18,2020-01-22 05:33:37+00:00, ,1.21986E+18,en,2,0,0,2, ,"International Conference on #carbon_nanotechnology and #graphene is hung on walk 16-17, 2020, at #Singapore with all the #Scientists, #students, #research_scholars and different experts interface with world's driving #scientists and #researchers. 
graphene@infoconferences.com https://t.co/Dk6KlRwAcG",international scholars
1.1746E+18,2020-01-21 07:02:49+00:00, ,1.21952E+18,en,0,0,0,2, ,"RT @InnovationInfo4: International Conference on #carbon_nanotechnology and #graphene is hung on walk 16-17, 2020, at #Singapore with all t＃",international scholars
9.42692E+17,2020-01-21 06:57:40+00:00, ,1.21951E+18,en,0,0,0,2, ,"RT @InnovationInfo4: International Conference on #carbon_nanotechnology and #graphene is hung on walk 16-17, 2020, at #Singapore with all t＃",international scholars
1.1746E+18,2020-01-21 06:56:51+00:00, ,1.21951E+18,en,2,0,0,2, ,"International Conference on #carbon_nanotechnology and #graphene is hung on walk 16-17, 2020, at #Singapore with all the #Scientists, #students, #research_scholars and different experts interface with world's driving #scientists and #researchers. 
graphene@infoconferences.com https://t.co/oEQKtVBSKk",international scholars
1.1746E+18,2020-01-17 12:05:43+00:00, ,1.21814E+18,en,0,0,0,1, ,"RT @InnovationInfo4: International Conference on #carbon_nanotechnology and #graphene is hung on walk 16-17, 2020, at #Singapore with all t＃",international scholars
1.1746E+18,2020-01-17 12:05:29+00:00, ,1.21814E+18,en,1,0,0,1, ,"International Conference on #carbon_nanotechnology and #graphene is hung on walk 16-17, 2020, at #Singapore with all the #Scientists, #students, #research_scholars and different experts interface with world's driving #scientists and #researchers. 
graphene@infoconferences.com https://t.co/mofsoiFDqb",international scholars
9.42692E+17,2020-01-09 05:49:19+00:00, ,1.21515E+18,en,0,0,0,1, ,"RT @InnovationInfo4: International Conference on #carbon_nanotechnology and #graphene is hung on walk 16-17, 2020, at #Singapore with all t＃",international scholars
1.1746E+18,2020-01-09 05:49:02+00:00, ,1.21515E+18,en,2,0,0,1, ,"International Conference on #carbon_nanotechnology and #graphene is hung on walk 16-17, 2020, at #Singapore with all the #Scientists, #students, #research_scholars and different experts interface with world's driving #scientists and #researchers. 
graphene@infoconferences.com https://t.co/kriJQ1QpzC",international scholars
1.03699E+18,2020-02-27 13:07:05+00:00, ,1.23302E+18,en,0,0,0,0, ,CN Yang Scholars Program for International Students in Singapore 每?2020/2021. https://t.co/LpuzGDZ6nc https://t.co/XRcCeYpKkJ,international scholars
352317501,2020-02-23 18:02:00+00:00, ,1.23164E+18,en,1,0,0,0, ,"NTU Presidential Postdoctoral #Fellowships at Nanyang Technological University in Singapore: An opportunity for early-career scientists, engineers &amp; scholars looking to gain international experience in Asia. 

Due: March 31
https://t.co/2E7KmAAx3e",international scholars
1.12428E+18,2020-02-20 11:00:00+00:00, ,1.23045E+18,en,0,0,0,0, ,"The Grant Is For Candidates Who Wish To Apply For The Bachelor＊s Degree Coursework At The Nanyang Technical University 

#Studyprogram #Bachelorsdegree #Nanyangtechnicaluniversity
https://t.co/4GCNveM9EP https://t.co/NrZvTorTro",international scholars
1.02675E+18,2020-02-17 02:56:35+00:00, ,1.22924E+18,en,1,0,0,0, ,"February 17, 2020, Assoc. Prof. Prapat Wanitpongpan welcomed Prof. Ramanuj Dasgupta from Genome Institute of Singapore Cancer Therapeutics and Stratified Oncology, to serve as Siriraj International Visiting Scholars at Department of Pharmacology from February 17 - 21, 2020. #svs https://t.co/1oprKnfWan",international scholars
9.96789E+17,2020-02-15 15:32:32+00:00, ,1.2287E+18,en,0,0,0,0, ,"Scholarships: CN Yang Scholars Program for International Students at Nanyang Technical University, Singapore https://t.co/BF9uQ4Pihc via @Scholarship_com",international scholars
37114199,2020-02-15 01:57:34+00:00, ,1.2285E+18,en,1,0,0,0, ,"CN Yang Scholars Program for International Students at Nanyang Technical University, Singapore https://t.co/mEcLuSeKkn",international scholars
1.10103E+18,2020-02-15 00:53:29+00:00, ,1.22848E+18,en,0,0,0,0, ,"LATEST POST On HorllerGentle Blog, You Don't Wanna Miss This Opportunity:
CN Yang Scholars Program for International Students at Nanyang Technical University, Singapore
https://t.co/oaDKK3ud8Z

Kindly Share This Opportunity With Your Love Ones... Thanks

#job #... https://t.co/uRYr8QGBkW",international scholars
2935746858,2020-02-14 16:06:15+00:00, ,1.22835E+18,en,0,0,0,0, ,"CN Yang Scholars Program for International Students at Nanyang Technical University,?Singapore https://t.co/696cHhMZ0j",international scholars
9.42692E+17,2020-02-03 10:48:01+00:00, ,1.22428E+18,en,0,0,0,1, ,"RT @InnovationInfo4: International Conference on #carbon_nanotechnology and #graphene is hung on walk 16-17, 2020, at #Singapore with all t＃",international scholars
1.1746E+18,2020-02-03 08:59:22+00:00, ,1.22426E+18,en,3,0,0,1, ,"International Conference on #carbon_nanotechnology and #graphene is hung on walk 16-17, 2020, at #Singapore with all the #Scientists, #students, #research_scholars and different experts interface with world's driving #scientists and #researchers. 
graphene@infoconferences.com https://t.co/9eNU9Ow1qi",international scholars
1.14963E+18,2020-06-17 11:38:27+00:00, ,1.27322E+18,en,0,0,0,3, ,"RT @SCS_news: ""An international webinar on prospects for a new bipolar world order and its impacts on Asia-Pacific took place on June 16, g＃",international scholars
505333760,2020-06-17 06:51:17+00:00, ,1.27315E+18,en,0,0,0,3, ,"RT @SCS_news: ""An international webinar on prospects for a new bipolar world order and its impacts on Asia-Pacific took place on June 16, g＃",international scholars
562298623,2020-06-17 06:34:42+00:00, ,1.27314E+18,en,6,0,0,3, ,"""An international webinar on prospects for a new bipolar world order and its impacts on Asia-Pacific took place on June 16, gathering leading scholars from Russia, China, Japan, the Republic of Korea, Singapore and Vietnam."" https://t.co/rg3wSZjkmX",international scholars
8.61837E+17,2020-08-11 07:00:10+00:00, ,1.29308E+18,en,0,0,0,0, ,"We're happy to announce the 2020 Hinrich Global Trade Leader Scholars for Lee Kuan Yew School of Public Policy at the National University of Singapore Master in International Affairs.

#HinrichScholars #LKYSPP #MIA https://t.co/QtIqjr56n3",international scholars
1.25861E+18,2020-09-20 23:30:46+00:00, ,1.30782E+18,en,0,0,0,0, ,"International students on Singapore bond unable to find jobs, desperate for help and answers |?Singapore https://t.co/mvel3PZQGV",international scholars
3313660000,2020-11-12 19:17:04+00:00, ,1.32697E+18,en,0,0,0,8, ,RT @StabiHH: §2020Digital Humanities Studies on International Medical Knowledge Workshop§ hosted by the Research Center for Digital Humanit＃,international scholars
9.67503E+17,2020-11-10 06:16:21+00:00, ,1.32605E+18,en,0,0,0,8, ,RT @StabiHH: §2020Digital Humanities Studies on International Medical Knowledge Workshop§ hosted by the Research Center for Digital Humanit＃,international scholars
1724553624,2020-11-10 06:00:03+00:00, ,1.32604E+18,en,0,0,0,8, ,RT @StabiHH: §2020Digital Humanities Studies on International Medical Knowledge Workshop§ hosted by the Research Center for Digital Humanit＃,international scholars
941401,2020-11-10 05:25:02+00:00, ,1.32603E+18,en,0,0,0,8, ,RT @StabiHH: §2020Digital Humanities Studies on International Medical Knowledge Workshop§ hosted by the Research Center for Digital Humanit＃,international scholars
9.87712E+17,2020-11-10 05:22:50+00:00, ,1.32603E+18,en,0,0,0,8, ,RT @StabiHH: §2020Digital Humanities Studies on International Medical Knowledge Workshop§ hosted by the Research Center for Digital Humanit＃,international scholars
20430497,2020-11-10 05:21:55+00:00, ,1.32603E+18,en,0,0,0,8, ,RT @StabiHH: §2020Digital Humanities Studies on International Medical Knowledge Workshop§ hosted by the Research Center for Digital Humanit＃,international scholars
52349626,2020-11-10 05:20:13+00:00, ,1.32603E+18,en,3,0,0,8, ,"§2020Digital Humanities Studies on International Medical Knowledge Workshop§ hosted by the Research Center for Digital Humanities of National Taiwan University. Experts and scholars from Germany, Singapore, and Taiwan present #DigitalHumanities innovation research approaches. /mt https://t.co/HkPwfMBJGY https://t.co/iKWZONPBdi",international scholars
990447528,2020-12-05 15:23:17+00:00, ,1.33524E+18,en,0,0,0,0, ,"Many books were written with this slogan even. Yet, many critics and scholars argued that Singapore was not Third World when LKY took over. The above portraits were about the 1850s, and it just shows how well Singapore acted as an international/regional trading and commerce hub.",international scholars
52349626,2020-12-05 08:30:40+00:00, ,1.33514E+18,en,0,0,0,8, ,RT @StabiHH: §2020Digital Humanities Studies on International Medical Knowledge Workshop§ hosted by the Research Center for Digital Humanit＃,international scholars
329246702,2020-12-05 08:24:26+00:00, ,1.33514E+18,en,0,0,0,8, ,RT @StabiHH: §2020Digital Humanities Studies on International Medical Knowledge Workshop§ hosted by the Research Center for Digital Humanit＃,international scholars
208689513,2020-12-02 06:45:29+00:00, ,1.33403E+18,en,0,0,0,1, ,RT @latrobe: 'This is a once in a lifetime opportunity to step outside of my comfort zone and an experience I know will pave the way for my＃,international scholars
17053944,2020-12-02 03:39:05+00:00, ,1.33398E+18,en,3,0,0,1, ,"'This is a once in a lifetime opportunity to step outside of my comfort zone and an experience I know will pave the way for my future ambitions.' 

Hammad Shahin (Law/International Relations) will head to Singapore as one of our #NewColomboPlan scholars. https://t.co/fKH6feXCXF https://t.co/PeqlisE0wC",international scholars
1087443002,2020-12-01 05:59:18+00:00, ,1.33365E+18,en,0,0,0,0, ,"FYI International Relations scholars. Nice to see NUS took action swiftly here, but I'm so angry another senior scholar, this one in my own field, did this to a student. https://t.co/urSyAXlRhR",international scholars
2875077790,2021-01-22 15:15:52+00:00, ,1.35264E+18,en,0,0,0,3, ,RT @CBLP_Leeds: The @CBLP_Leeds's Prof. Gerard McCormack (@Law_Leeds) has joined the International Advisory Council of the Singapore Global＃,international scholars
1.24345E+18,2021-01-22 12:54:20+00:00, ,1.3526E+18,en,0,0,0,3, ,RT @CBLP_Leeds: The @CBLP_Leeds's Prof. Gerard McCormack (@Law_Leeds) has joined the International Advisory Council of the Singapore Global＃,international scholars
2989869037,2021-01-22 12:13:47+00:00, ,1.35259E+18,en,0,0,0,3, ,RT @CBLP_Leeds: The @CBLP_Leeds's Prof. Gerard McCormack (@Law_Leeds) has joined the International Advisory Council of the Singapore Global＃,international scholars
2541907903,2021-01-22 12:12:18+00:00, ,1.35259E+18,en,8,0,0,3, ,"The @CBLP_Leeds's Prof. Gerard McCormack (@Law_Leeds) has joined the International Advisory Council of the Singapore Global Restructuring Initiative (@smuSGRI), where he joins prominent judges, policymakers &amp; scholars from all over the world. https://t.co/n0F1J3d6GL https://t.co/tzwSOsItT8",international scholars
1.29319E+18,2021-01-06 21:16:15+00:00, ,1.34693E+18,en,0,0,0,0, ,@WSUFinancialAid "Students will be taught by respected and world-renowned scholars in these laboratories." https://t.co/WBlcRWLV9Q #Scholarships #Grants #Students #freestudy,international scholars
1.32619E+18,2021-01-04 11:19:30+00:00, ,1.34605E+18,en,0,0,0,0, ,@FutureSunDevils "Students will be taught by respected and world-renowned scholars in these laboratories." https://t.co/xmNOhhTVVo #scholarship #freestudy,international scholars
2989869037,2021-02-11 14:37:46+00:00, ,1.35987E+18,en,0,0,0,1, ,"RT @IIR_Insolvency: IIR 30(2) focuses on the laws in Brazil, China, Finland, the EU, Singapore and Sweden, all jurisdictions of interest. O＃",international scholars
8.96729E+17,2021-02-11 11:26:18+00:00, ,1.35983E+18,en,2,0,0,1, ,"IIR 30(2) focuses on the laws in Brazil, China, Finland, the EU, Singapore and Sweden, all jurisdictions of interest. Overall, a good selection of articles in this issue contributing to the journal's utility for international and comparative scholars.
@WileyGlobal @INSOLIntl",international scholars
320591150,2021-02-08 10:30:09+00:00, ,1.35872E+18,en,0,0,0,0, ,"Since 2007, #SJII has awarded scholarships worth ~$5.6 million to around 140 local students.

Find out more about our #ScholarshipProgramme and how it is making a difference to the lives of our #scholars: https://t.co/eaYwkYfISX

#SJII #scholarships #IB #singapore https://t.co/QceITNFWkT",international scholars
7.52947E+17,2021-02-04 14:26:00+00:00, ,1.35733E+18,en,5,0,0,0, ,"Ways to #recycle paper &amp; plastic packaging are the results of creative brainstorming in the Global Scholars international e-classroom. Great ideas, Singapore and Eugene, Oregon!  #criticalthinking https://t.co/QjgKPgSliP",international scholars
9.5473E+17,2021-02-04 05:08:49+00:00, ,1.35719E+18,en,0,0,0,6, ,"RT @Ejike2: #Postdoc opportunities 4 scholars from Nigeria, Africa &amp; Asia:

1. Georg Forster postdoctoral fellowship - Germany
2. Matsumae＃",international scholars
1.19866E+18,2021-02-03 20:33:49+00:00, ,1.35706E+18,en,0,0,0,6, ,"RT @Ejike2: #Postdoc opportunities 4 scholars from Nigeria, Africa &amp; Asia:

1. Georg Forster postdoctoral fellowship - Germany
2. Matsumae＃",international scholars
1.3497E+18,2021-02-03 17:31:49+00:00, ,1.35702E+18,en,0,0,0,6, ,"RT @Ejike2: #Postdoc opportunities 4 scholars from Nigeria, Africa &amp; Asia:

1. Georg Forster postdoctoral fellowship - Germany
2. Matsumae＃",international scholars
74579947,2021-02-03 14:38:36+00:00, ,1.35698E+18,en,0,0,0,6, ,"RT @Ejike2: #Postdoc opportunities 4 scholars from Nigeria, Africa &amp; Asia:

1. Georg Forster postdoctoral fellowship - Germany
2. Matsumae＃",international scholars
9.98019E+17,2021-02-03 14:24:30+00:00, ,1.35697E+18,en,0,0,0,6, ,"RT @Ejike2: #Postdoc opportunities 4 scholars from Nigeria, Africa &amp; Asia:

1. Georg Forster postdoctoral fellowship - Germany
2. Matsumae＃",international scholars
1.2761E+18,2021-02-03 13:46:54+00:00, ,1.35696E+18,en,0,0,0,6, ,"RT @Ejike2: #Postdoc opportunities 4 scholars from Nigeria, Africa &amp; Asia:

1. Georg Forster postdoctoral fellowship - Germany
2. Matsumae＃",international scholars
286327878,2021-02-03 13:31:04+00:00, ,1.35696E+18,en,9,0,1,6, ,"#Postdoc opportunities 4 scholars from Nigeria, Africa &amp; Asia:

1. Georg Forster postdoctoral fellowship - Germany
2. Matsumae International Foundation Postdoctoral Fellowship- Japan
3. NTU Presidential Postdoctoral Fellowship - Singapore

1 &amp; 2 need host but 3 doesn't need host",international scholars
2561796669,2021-03-26 11:08:00+00:00, ,1.3754E+18,en,2,0,0,0, ,"Last year, we had scholars (PhD candidates to senior Professors) based in the UK, Australia, Singapore and South Africa discussing international tax, tax education, the relationship with insolvency, statutory interpretation, taxation of oil &amp; gas and business rates",international scholars
1.16843E+18,2021-03-22 07:14:27+00:00, ,1.3739E+18,en,0,0,1,0, ,"As an example, the number of scientific publications of Indonesian scholars in reputable international journals are around 9,000 which is behind the three neighbouring countries mentioned earlier (Malaysia 23,000; Singapore 17,000; and Thailand 13,000).",international scholars
1.25068E+18,2021-04-29 06:40:22+00:00, ,1.38766E+18,en,0,0,0,1, ,"Continuing the objective of the #IAIC series to work with researchers, scholars and practitioners to raise up the interaction and cooperation of #Innovation, #Sustainability, #Technology and #Investment. Join IAIC2021 now  ? https://t.co/vHGxWePsQS

https://t.co/i3hv9ZJuUF",international scholars
19608654,2021-04-09 15:13:28+00:00, ,1.38054E+18,en,0,0,0,0, ,"One thing I love about #AERA2021 - being able to learn from diverse, international scholars. Watching a presentation from @TangTHeng1 ""Teachers' Lived Experiences of Educational Change and Borrowing: Insights From Singapore""",international scholars
9.84163E+17,2021-04-08 08:50:36+00:00, ,1.38008E+18,en,0,0,0,1, ,"RT @AfriKo_o: Attending the biggest gathering of international studies scholars #ISA2021?????- make sure to catch AfriKo's @ZSvedkauskas, p＃",international scholars
1.2931E+18,2021-04-08 08:38:26+00:00, ,1.38008E+18,en,3,0,1,1, ,"Attending the biggest gathering of international studies scholars #ISA2021?????- make sure to catch AfriKo's @ZSvedkauskas, presenting his co-authored paper on #DigitalSurveillance in Israel, India and Singapore at the innovative Sound Bytes section WI00 ? https://t.co/8OfydB0qW2",international scholars
1.19282E+18,2021-05-10 18:22:38+00:00, ,1.39182E+18,en,0,0,0,3, ,"RT @scholarship007: #Singapore_Government_Scholarships_2021- Fully Funded
#Scholarship_Benefits
The Singapore Government Scholarships offer＃",international scholars
8.8947E+17,2021-05-09 15:01:07+00:00, ,1.39141E+18,en,0,0,0,3, ,"RT @scholarship007: #Singapore_Government_Scholarships_2021- Fully Funded
#Scholarship_Benefits
The Singapore Government Scholarships offer＃",international scholars
7.63677E+17,2021-05-09 14:39:41+00:00, ,1.3914E+18,en,0,0,0,3, ,"#Singapore_Government_Scholarships_2021- Fully Funded
#Scholarship_Benefits
The Singapore Government Scholarships offered for the International Students is Fully Funded; however, scholars will be provided with the following benefits:

Details: https://t.co/ICa2ELfIyF",international scholars
597695743,2021-06-06 09:35:25+00:00, ,1.40147E+18,en,0,0,0,2, ,RT @RwandaShenmo: The 7th Malaysia?※SHENMO CUP§?International Little Scholars Abacus Mental Math Competition?will be held on June 12. More＃,international scholars
3331565465,2021-06-04 10:40:37+00:00, ,1.40076E+18,en,0,0,0,2, ,RT @RwandaShenmo: The 7th Malaysia?※SHENMO CUP§?International Little Scholars Abacus Mental Math Competition?will be held on June 12. More＃,international scholars
1.0544E+18,2021-06-04 10:40:10+00:00, ,1.40076E+18,en,3,1,0,2, ,"The 7th Malaysia?※SHENMO CUP§?International Little Scholars Abacus Mental Math Competition?will be held on June 12. More than 500 students from Malaysia, Singapore, Indonesia, Nigeria, Rwanda and China will compete online.  @AIMS_Rwanda
@Rwanda_Edu @juli7k @IGIHE @kigalitoday https://t.co/zRm9KrVWdm",international scholars
1.37044E+18,2021-08-12 20:00:50+00:00, ,1.42591E+18,en,2,0,0,0, ,"@VivianBala @htTweets Sir, we are more than 2000 scholars, researchers, post graduate and undergraduate international students who are stranded in India due to Singapore travel restrictions. I request to review the travel ban imposed on Indian students. Most of us are fully vaccinated. @DrSJaishankar",international scholars
161383956,2021-10-01 08:31:48+00:00, ,1.44386E+18,en,0,0,0,1, ,RT @UCANews: International scholars have joined with the National University of Singapore to launch an organization to help research the ro＃,international scholars
574432746,2021-10-01 06:31:17+00:00, ,1.44383E+18,en,0,0,0,0, ,"International scholars have joined with the National University of Singapore to launch an organization to help research the role of Catholics in shaping socio-cultural developments in Asia.
Read more... https://t.co/ncPjXf5pFw #Singapore #Asia #Catholics",international scholars
1.18106E+18,2021-10-01 06:30:00+00:00, ,1.44383E+18,en,1,0,0,1, ,"International scholars have joined with the National University of Singapore to launch an organization to help research the role of Catholics in shaping socio-cultural developments in Asia.
#Singapore #Asia #Catholics https://t.co/82Vy6vLMK2",international scholars
95826512,2021-10-01 06:30:00+00:00, ,1.44383E+18,en,0,0,0,0, ,"International scholars have joined with the National University of Singapore to launch an organization to help research the role of Catholics in shaping sociocultural developments in Asia.
Read more... https://t.co/F1loIJJmLc #Singapore #Asia #Catholics",international scholars
264024944,2021-10-01 06:30:00+00:00, ,1.44383E+18,en,0,0,0,0, ,"International scholars have joined with the National University of Singapore to launch an organization to help research the role of Catholics in shaping socio-cultural developments in Asia.
Read more... https://t.co/y0GXI21rfc #Singapore #Asia #Catholics",international scholars
1.35991E+18,2021-11-20 11:51:33+00:00, ,1.46203E+18,en,0,0,0,0, ,9TH INTERNATIONAL CONFERENCE ON INNOVATION CHALLENGES IN MULTIDISCIPLINARY RESEARCH&amp;PRACTICE: We invite the scholars /scientists / engineers/ researchers / practitioners / students to join with us and share the new innovative trends in＃ https://t.co/8ymxZXd65L #way2conference,international scholars
1.44135E+18,2021-12-13 07:46:23+00:00, ,1.4703E+18,en,0,0,0,0, ,"International Conference on Science, Engineering &amp; Technology (ICSET-2022)
#ICSET #technology #engineering #internationalconference #researchers #delegates #scholars #sci #ESCI #singapore #journals #upcomingconference #Scopus #conference2022 visit here https://t.co/lCvE6nQyMi https://t.co/PdQXsN5xCF",international scholars
881607050,2022-02-22 17:16:33+00:00, ,1.49617E+18,en,0,0,0,0, ,"The University of Chicago gathered linguistics scholars from top international universities like the National University of Singapore, Humbolt University, and more for a highly successful conference with Whova. #eventprofs #eventplanning https://t.co/qCmKOraWis",international scholars
1.44599E+18,2022-03-13 10:42:01+00:00, ,1.50296E+18,en,0,0,0,1, ,"RT @visacrunch: #VisaCrunch: Scholars Optimistic International Students Will Return To China Once Borders Reopen

Read more: https://t.co/Z＃",international scholars
1.31812E+18,2022-03-13 10:30:03+00:00, ,1.50296E+18,en,0,0,0,1, ,"#VisaCrunch: Scholars Optimistic International Students Will Return To China Once Borders Reopen

Read more: https://t.co/Z0goJo262X

#Australia #Canada #Denmark #France #Germany #India #InternationalStudents #InternationalTravel #Italy #Singapore #SouthKorea #Spain #UK #US https://t.co/G7GBimEBMj",international scholars
1.34288E+18,2022-03-08 19:23:51+00:00, ,1.50128E+18,en,0,0,0,1, ,"RT @UCLA_Alumni: Alumni from the Shanghai, Orange County, Beijing and Singapore networks volunteered at the Chinese Students and Scholars A＃",international scholars
118837238,2022-03-08 18:02:55+00:00, ,1.50126E+18,en,1,0,0,1, ,"Alumni from the Shanghai, Orange County, Beijing and Singapore networks volunteered at the Chinese Students and Scholars Assoc.'s international student networking event. Volunteers shared information about their career paths, current jobs and their @UCLA experiences. https://t.co/SvJ8Vfv7v3",international scholars
1.40436E+18,2022-03-04 21:04:59+00:00, ,1.49985E+18,en,0,0,0,0, ,"Singapore International Graduate Award 2023/ SINGA 2023
SINGAPORE INTERNATIONAL GRADUATE AWARD (SINGA)
This fully funded doctoral scholarship in singapore
https://t.co/bBf1uoCUxQ
#Singapore #university #Scholar #Scholarships #scholars #Scholarship #Graduate #Awards #neweditiontv",international scholars
7.52947E+17,2022-03-03 14:03:47+00:00, ,1.49939E+18,en,4,0,0,0, ,"Global Scholars in Singapore created a newsletter to tell international peers about local food-security issues. Great example of research, wide-ranging sources, and sustainable solutions. ? #digitalliteracy #foodcitiesfuture https://t.co/oyQWlDiVSH",international scholars
