author id,created_at,geo,id,lang,like_count,quote_count,reply_count,retweet_count,source,tweet,S pass holder,,,,,
65672251,2009-12-15 06:49:53+00:00, ,6688994204,en,0,0,0,0, ,"Looking job for S pass holder, currently working in singapore?: Singapore Travel
Statistics : 1 Post || 72 Views
Post by http://url4.eu/vvKL",S pass holder,,,,,
65672251,2009-12-14 23:25:03+00:00, ,6677121455,en,0,0,0,0, ,"Looking job for S pass holder, currently working in singapore?: Singapore Travel
Statistics : 1 Post || 71 Views
Post by http://url4.eu/vob0",S pass holder,,,,,
56698368,2009-12-14 23:24:44+00:00, ,6677112652,en,0,0,0,0, ,"Looking job for S pass holder, currently working in singapore?: Singapore Travel
Looking job for S pass holder, currentl http://url4.eu/voaD",S pass holder,,,,,
166902754,2010-08-14 08:38:31+00:00, ,21136103939,en,0,0,0,0, ,Question: I am S pass holder in Singapore. Can I give Letter of invitation to apply visit Visa of my wife and pare... http://bit.ly/8XCXll,S pass holder,,,,,
262061521,2011-07-08 13:51:56+00:00, ,8.93309E+16,en,0,0,0,0, ,Singapore's Dynamic Approach Towards Talent Management a Key for its ...: The PEP pass holder can switch employe... http://bit.ly/psqTOT,S pass holder,,,,,
398096178,2012-09-06 10:26:54+00:00, ,2.43657E+17,en,0,0,0,0, ,[We‚ô°SG] Our new S Pass holder.: Our new S Pass holder.Wall PhotosCaptions Please http://t.co/mIcA3J3r #singapore,S pass holder,,,,,
43666865,2012-12-20 04:51:39+00:00, ,2.81623E+17,en,0,0,0,0, ,guess who's an annual pass holder?! @ Universal Studios Singapore http://t.co/VviA8c8G,S pass holder,,,,,
438348119,2013-04-23 04:02:55+00:00, ,3.26547E+17,en,0,0,0,0, ,Singapore opportunities-E-Pass-Storkeeper ( work in garment unit ) MBA degree holder...salary  1000 S$+ food + accommodation.+ over time,S pass holder,,,,,
806990366,2013-06-29 20:06:57+00:00, ,3.51069E+17,en,1,0,0,0, ,"Q: Move to Canada for work from Singapore?
As a S pass or E pass holder can we apply for work permit for Canada?... http://t.co/fuWGvXL0mp",S pass holder,,,,,
1451121360,2013-06-29 20:06:42+00:00, ,3.51069E+17,en,0,0,0,0, ,"Q: Move to Canada for work from Singapore?
As a S pass or E pass holder can we apply for work permit for Canada?... http://t.co/4dexTRiekT",S pass holder,,,,,
30591694,2013-08-08 02:06:39+00:00, ,3.65293E+17,en,0,0,0,0, ,"""girl, Singapore's National Day is tomorrow"" said by a Singapore Student Pass Holder.",S pass holder,,,,,
68137157,2015-02-05 05:40:02+00:00, ,5.6321E+17,en,0,0,0,0, ,Living in #Singapore as a Dependent's Pass Holder grants you options in #employment &amp; #living http://t.co/uWMEz4kNP8,S pass holder,,,,,
251520997,2016-05-03 12:17:13+00:00, ,7.27472E+17,en,0,0,0,0, ,S-Pass holder who set up radical group in Singapore detained under ISA https://t.co/hlVOBIDTe5,S pass holder,,,,,
271216592,2016-05-03 12:03:50+00:00, ,7.27469E+17,en,0,0,0,0, ,S-Pass holder who set up radical group in Singapore detained under ISA https://t.co/XXPDMvtxsd,S pass holder,,,,,
271216592,2016-05-03 11:20:41+00:00, ,7.27458E+17,en,0,0,0,0, ,Rahman said he would carry out an attack any where if he was instructed by ISIS making him a threat for... https://t.co/uKr77S2tqD,S pass holder,,,,,
269860631,2016-06-15 05:15:12+00:00, ,7.42949E+17,en,0,0,0,0, ,"One Visa speaks about #Singapore dependant pass. A solution for visa holder's family to live and work in Singapore.
https://t.co/L9nBHQMdFc",S pass holder,,,,,
932434016,2016-12-15 08:36:23+00:00, ,8.09316E+17,en,1,0,0,0, ,"Any #RoomForRent in #Clementi or #WestCoast for 3 Indian male (S Pass holder)
Give us a shout at https://t.co/5UYv5MJyWi 
#Singapore",S pass holder,,,,,
14710559,2017-06-27 09:38:27+00:00, ,8.79635E+17,en,0,0,0,0, ,"My answer to As an S Pass/Employment Pass holder, would it be possible to apply for offshore freelance work while i‚Ä?https://t.co/i707XWES75",S pass holder,,,,,
9.02308E+17,2017-11-26 02:43:16+00:00, ,9.34613E+17,en,0,0,0,0, ,For Sale hiring dependent pass holder #singapore buy here https://t.co/F6dzUWr9V7,S pass holder,,,,,
9.65242E+17,2018-02-18 17:28:25+00:00, ,9.65277E+17,en,0,0,0,0, ,"SINGAPORE PERMANENT RESIDENT APPLY?

‚Ä?HOW TO SUBMIT AN APPEAL IF YOUR SINGAPORE PR APPLICATION IS REJECTED: HOLDER OF AN EMPLOYMENT PASS OR S PASS

JOB SINGAPORE URGENT RECRUITMENT NEEDED FRESHER/EXPERIENCED

S PASS, EMPLOYMENT PASS,
WORK PERMIT

 100% ‡Æµ‡ØÜ‡Æ±‡Øç‡Æ±‡Æø ‡Æ®‡Æø‡Æö‡Øç‡Æö‡ÆØ‡ÆÆ‡Øç https://t.co/jaScRVFDJa",S pass holder,,,,,
9.65242E+17,2018-02-18 17:22:32+00:00, ,9.65275E+17,en,0,0,1,0, ,"SINGAPORE PERMANENT RESIDENT APPLY?
‚Ä?HOW TO SUBMIT AN APPEAL IF YOUR SINGAPORE PR APPLICATION IS REJECTED: HOLDER OF AN EMPLOYMENT PASS OR S PASS

JOB SINGAPORE URGENT RECRUITMENT NEEDED FRESHER/EXPERIENCED

S PASS, EMPLOYMENT PASS,
WORK PERMIT

 100% ‡Æµ‡ØÜ‡Æ±‡Øç‡Æ±‡Æø ‡Æ®‡Æø‡Æö‡Øç‡Æö‡ÆØ‡ÆÆ‡Øç) https://t.co/pQzOkZz0dn",S pass holder,,,,,
9.65242E+17,2018-02-18 15:52:11+00:00, ,9.65253E+17,en,0,0,0,0, ,"SINGAPORE PERMANENT RESIDENT APPLY?
‚Ä?HOW TO SUBMIT AN APPEAL IF YOUR SINGAPORE PR APPLICATION IS REJECTED : HOLDER OF AN EMPLOYMENT PASS OR S PASS

JOB SINGAPORE URGENT RECRUITMENT NEEDED FRESHER/EXPERIENCED

S PASS,
 EMPLOYMENT PASS,

WORK PERMIT FOR FOREIGN WORKER https://t.co/EN3uuHdmL3",S pass holder,,,,,
9.65242E+17,2018-02-18 15:42:30+00:00, ,9.6525E+17,en,0,0,0,0, ,"SINGAPORE PERMANENT RESIDENT APPLY?

‚Ä?HOW TO SUBMIT AN APPEAL IF YOUR SINGAPORE PR APPLICATION IS REJECTED: HOLDER OF AN EMPLOYMENT PASS OR S PASS

JOB SINGAPORE URGENT RECRUITMENT NEEDED FRESHER/EXPERIENCED

S PASS, EMPLOYMENT PASS,
WORK PERMIT
100% SUCCESSES
‡Æµ‡ØÜ‡Æ±‡Øç‡Æ±‡Æø ‡Æ®‡Æø‡Æö‡Øç‡Æö‡ÆØ‡ÆÆ‡Øç https://t.co/LrdoVROWxV",S pass holder,,,,,
3037347170,2018-05-16 06:12:41+00:00, ,9.96635E+17,en,0,0,0,1, ,"RT @argcpl: Singapore 

S Pass 

Western Chef 

Salary: $2200
Working Hrs: 9-10/Day

Food Provided 

Off Days: 4/Month

Must BA Degree Hold‚Ä?
2615870996,2018-05-16 06:06:25+00:00, ,996632947716390912,en,1,0,0,1, ,Singapore ",S pass holder,,,,,
8.673E+17,2018-05-08 03:40:00+00:00, ,9.93697E+17,en,0,0,0,0, ,"Which Singapore work visa guide is going to be the one for you? Should you be an EP holder? Or an S Pass holder? Find out here: https://t.co/VzLYloNyH9

#Singapore #business #work #visa #guide #information https://t.co/y8rlx4sBfB",S pass holder,,,,,
149036089,2019-01-27 06:23:41+00:00, ,1.08941E+18,en,0,0,0,0, ,(CNBC LIVE) Romanians Rush to What Might Be the Easiest Lifelong Visit Pass to Singapore https://t.co/C7UTgiIRf6,S pass holder,,,,,
500684858,2019-01-16 17:05:50+00:00, ,1.08558E+18,en,0,0,0,0, ,(CNBC LIVE) Hungarians Rush to What Might Be the Easiest Lifelong Visit Pass to Singapore https://t.co/Zd6y2J8oMi,S pass holder,,,,,
119125554,2019-01-14 15:03:46+00:00, ,1.08483E+18,en,0,0,0,0, ,(CNBC LIVE) Serbians Rush to What Might Be the Easiest Lifelong Visit Pass to Singapore https://t.co/bysu9F6ZRV,S pass holder,,,,,
500684858,2019-01-06 17:56:57+00:00, ,1.08197E+18,en,0,0,0,0, ,(CNBC LIVE) Hungarians Rush to What Might Be the Easiest Lifelong Visit Pass to Singapore https://t.co/Zd6y2J8oMi,S pass holder,,,,,
3104477480,2019-02-18 16:25:42+00:00, ,1.09753E+18,en,0,0,0,0, ,"We need Candidates for Singapore, MNC company name  
IS singapore pte ltd .. 
All M&amp;E S Pass holder  hospital facility &amp; maintance service engineer &amp; technical officer. 

üëâ1) Pass : S Pass
Job : Technical... https://t.co/Qzptw4o7lk",S pass holder,,,,,
45316689,2020-02-16 10:19:50+00:00, ,1.22899E+18,en,0,0,0,5, ,RT @Bangladesh_BN: Another #Bangladeshi worker in #Singapore has been infected with #CoronaVirus or #Covid2019. @GovSingapore's Health Mini‚Ä?,S pass holder,,,,,
215900341,2020-02-16 08:24:07+00:00, ,1.22896E+18,en,0,0,0,5, ,RT @Bangladesh_BN: Another #Bangladeshi worker in #Singapore has been infected with #CoronaVirus or #Covid2019. @GovSingapore's Health Mini‚Ä?,S pass holder,,,,,
437779297,2020-02-16 08:16:07+00:00, ,1.22896E+18,en,9,0,0,5, ,"Another #Bangladeshi worker in #Singapore has been infected with #CoronaVirus or #Covid2019. @GovSingapore's Health Ministry said the victim is from #Bangladesh a 'work-pass holder', aged 26, taking the total number of Bangladeshis who contracted Coronavirus in Singapore to five.",S pass holder,,,,,
7400382,2020-03-26 02:28:40+00:00, ,1.243E+18,en,7,0,2,0, ,"The main problem with the rumors around BBM is where they claim he's flying to Singapore. SG has banned all short-term travelers a few days ago, so he's not going to be able to get in even if he wanted to unless he can prove he's a resident or essential work pass-holder",S pass holder,,,,,
30588028,2020-03-17 14:10:39+00:00, ,1.23992E+18,en,0,0,0,6, ,RT @MothershipSG: British work pass holder in S‚Äôpore with Covid-19 first reported symptoms while in France https://t.co/DB6QL1Y7Vv https://‚Ä?,S pass holder,,,,,
1619325942,2020-03-17 14:08:31+00:00, ,1.23992E+18,en,4,5,0,6, ,British work pass holder in S‚Äôpore with Covid-19 first reported symptoms while in France https://t.co/DB6QL1Y7Vv https://t.co/zpiS5sbMjd,S pass holder,,,,,
44290654,2020-03-17 01:45:01+00:00, ,1.23973E+18,en,0,0,0,0, ,"MOM: Work pass-holders with travel history to ASEAN, UK, Japan &amp; Switzerland need approval to enter S‚Äôpore https://t.co/bAMJHnh0wa",S pass holder,,,,,
1719416120,2020-03-16 09:31:01+00:00, ,1.23948E+18,en,0,0,0,11, ,"RT @MothershipSG: MOM: Work pass-holders with travel history to ASEAN, UK, Japan &amp; Switzerland need approval to enter S‚Äôpore

https://t.co/‚Ä?
770193725175762944,2020-03-16 08:01:15+00:00, ,1239461713453424640,en,0,0,0,11, ,RT @MothershipSG: MOM: Work pass-holders with travel history to ASEAN",S pass holder, Japan &amp; Switzerland need approval to enter S‚Äôpore,,,,
234342482,2020-03-16 06:06:54+00:00, ,1.23943E+18,en,0,0,0,11, ,"RT @MothershipSG: MOM: Work pass-holders with travel history to ASEAN, UK, Japan &amp; Switzerland need approval to enter S‚Äôpore

https://t.co/‚Ä?
160148216,2020-03-16 06:06:34+00:00, ,1239432851579236353,en,0,0,0,11, ,RT @MothershipSG: MOM: Work pass-holders with travel history to ASEAN",S pass holder, Japan &amp; Switzerland need approval to enter S‚Äôpore,,,,
1619325942,2020-03-16 06:05:00+00:00, ,1.23943E+18,en,10,2,0,11, ,"MOM: Work pass-holders with travel history to ASEAN, UK, Japan &amp; Switzerland need approval to enter S‚Äôpore

https://t.co/A5q0ROXznX https://t.co/UqzM4nC9mB",S pass holder,,,,,
2292974821,2020-03-15 22:18:15+00:00, ,1.23931E+18,en,0,0,0,0, ,"#COVID19filipinos  
3/13 Singapore's #COVID19 Case # 221 a 28y old Filipina teacher @ MY World Preschool in Lengkok Bahru, sch close temporarily fr 3/16-3/27; she's a work pass holder linked to Case 204, a 32y old American man who was in Japan fr 2/29-3/8
https://t.co/0p2qtUYohk",S pass holder,,,,,
2292974821,2020-03-12 21:53:16+00:00, ,1.23822E+18,en,0,0,0,0, ,"#COVID19filipinos
  
the 7th Filipino in Singapore with #Covid19 is 35y old work pass holder male who visited the Phil on 2/24 until 3/1; he's linked to another #Covid19 patient: 42y old Filipina also a work pass holder who was in the Phil fr 2/27 to 3/2
 https://t.co/p3Nn5PtY4Z",S pass holder,,,,,
1.12581E+18,2020-04-15 06:32:41+00:00, ,1.25031E+18,en,0,0,0,0, ,"See??? Yan ang Singapore! Law is Law!!! 
Coronavirus: Work pass holder banned from working in S'pore, 39 foreign workers fined for breaching rules https://t.co/h8o88hvIgG",S pass holder,,,,,
1.21489E+18,2020-04-14 16:27:11+00:00, ,1.2501E+18,en,0,0,0,1, ,"RT @timisiytangco: This is today‚Äôs report on new Covid-19 cases in Singapore. It just occurred to me that of all countries, only SG breaks‚Ä?
6463512,2020-04-14 14:31:19+00:00, ,1250069128192438273,en,2,0,0,1, ,This is today‚Äôs report on new Covid-19 cases in Singapore. It just occurred to me that of all countries",S pass holder, Permanent Resident, Work Permit Holder, S-Pass, Dependent Pass, Employment Pass. https://t.co/PiE4lj8zQo"
250640900,2020-04-13 11:03:43+00:00, ,1.24965E+18,en,0,0,0,0, ,"Coronavirus: Work pass holder banned from working in S'pore, 39 foreign workers fined for breaching rules https://t.co/JQg2i1vou0",S pass holder,,,,,
26375265,2020-04-13 01:47:19+00:00, ,1.24951E+18,en,0,0,0,23, ,"RT @STcom: Coronavirus: Work pass holder banned from working in S'pore, 39 foreign workers fined for breaching rules https://t.co/yfbx9ObECm",S pass holder,,,,,
166491994,2020-04-13 00:55:59+00:00, ,1.2495E+18,en,0,0,0,23, ,"RT @STcom: Coronavirus: Work pass holder banned from working in S'pore, 39 foreign workers fined for breaching rules https://t.co/yfbx9ObECm",S pass holder,,,,,
1.20576E+18,2020-04-13 00:04:07+00:00, ,1.24949E+18,en,0,0,0,23, ,"RT @STcom: Coronavirus: Work pass holder banned from working in S'pore, 39 foreign workers fined for breaching rules https://t.co/yfbx9ObECm",S pass holder,,,,,
406186892,2020-04-12 20:05:20+00:00, ,1.24943E+18,en,0,0,0,23, ,"RT @STcom: Coronavirus: Work pass holder banned from working in S'pore, 39 foreign workers fined for breaching rules https://t.co/yfbx9ObECm",S pass holder,,,,,
579396062,2020-04-12 16:03:44+00:00, ,1.24937E+18,en,0,0,0,23, ,"RT @STcom: Coronavirus: Work pass holder banned from working in S'pore, 39 foreign workers fined for breaching rules https://t.co/yfbx9ObECm",S pass holder,,,,,
105831999,2020-04-12 15:30:57+00:00, ,1.24936E+18,en,0,0,0,23, ,"RT @STcom: Coronavirus: Work pass holder banned from working in S'pore, 39 foreign workers fined for breaching rules https://t.co/yfbx9ObECm",S pass holder,,,,,
211363586,2020-04-12 15:05:39+00:00, ,1.24935E+18,en,0,0,0,23, ,"RT @STcom: Coronavirus: Work pass holder banned from working in S'pore, 39 foreign workers fined for breaching rules https://t.co/yfbx9ObECm",S pass holder,,,,,
2997632384,2020-04-12 15:03:28+00:00, ,1.24935E+18,en,0,0,0,23, ,"RT @STcom: Coronavirus: Work pass holder banned from working in S'pore, 39 foreign workers fined for breaching rules https://t.co/yfbx9ObECm",S pass holder,,,,,
8.14392E+17,2020-04-12 14:56:30+00:00, ,1.24935E+18,en,0,0,0,23, ,"RT @STcom: Coronavirus: Work pass holder banned from working in S'pore, 39 foreign workers fined for breaching rules https://t.co/yfbx9ObECm",S pass holder,,,,,
7.99948E+17,2020-04-12 14:54:25+00:00, ,1.24935E+18,en,0,0,0,23, ,"RT @STcom: Coronavirus: Work pass holder banned from working in S'pore, 39 foreign workers fined for breaching rules https://t.co/yfbx9ObECm",S pass holder,,,,,
3903797294,2020-04-12 14:36:54+00:00, ,1.24935E+18,en,0,0,0,23, ,"RT @STcom: Coronavirus: Work pass holder banned from working in S'pore, 39 foreign workers fined for breaching rules https://t.co/yfbx9ObECm",S pass holder,,,,,
1.22282E+18,2020-04-12 14:32:53+00:00, ,1.24934E+18,en,0,0,0,0, ,"There's a lot to be said about this

https://t.co/sxhwCrQlyV",S pass holder,,,,,
20316333,2020-04-12 14:29:50+00:00, ,1.24934E+18,en,0,0,0,23, ,"RT @STcom: Coronavirus: Work pass holder banned from working in S'pore, 39 foreign workers fined for breaching rules https://t.co/yfbx9ObECm",S pass holder,,,,,
7125302,2020-04-12 14:29:36+00:00, ,1.24934E+18,en,0,0,0,23, ,"RT @STcom: Coronavirus: Work pass holder banned from working in S'pore, 39 foreign workers fined for breaching rules https://t.co/yfbx9ObECm",S pass holder,,,,,
37874853,2020-04-12 14:26:37+00:00, ,1.24934E+18,en,30,2,1,23, ,"Coronavirus: Work pass holder banned from working in S'pore, 39 foreign workers fined for breaching rules https://t.co/yfbx9ObECm",S pass holder,,,,,
44290654,2020-04-12 14:23:14+00:00, ,1.24934E+18,en,0,0,0,0, ,"Coronavirus: Work pass holder banned from working in S'pore, 39 foreign workers fined for breaching rules https://t.co/N4MTk6PPtG",S pass holder,,,,,
9.6684E+17,2020-04-06 15:28:32+00:00, ,1.24718E+18,en,0,0,1,0, ,"Now he's COVID-19 positive and formed 3 clusters in our country by himself. It would've been a different story if he were a Permanent Resident or a Work Pass holder, giving him the right to be in Singapore but hE's A tOuRiSt??????",S pass holder,,,,,
182251258,2020-04-06 09:26:49+00:00, ,1.24709E+18,en,0,0,0,12, ,RT @ChannelNewsAsia: Solidarity Budget: Foreign Worker Levy will be waived in April. Employers will also receive a S$750 levy rebate for ea‚Ä?,S pass holder,,,,,
113321244,2020-04-06 06:49:15+00:00, ,1.24705E+18,en,0,0,0,12, ,RT @ChannelNewsAsia: Solidarity Budget: Foreign Worker Levy will be waived in April. Employers will also receive a S$750 levy rebate for ea‚Ä?,S pass holder,,,,,
35778825,2020-04-06 06:25:18+00:00, ,1.24705E+18,en,0,0,0,12, ,RT @ChannelNewsAsia: Solidarity Budget: Foreign Worker Levy will be waived in April. Employers will also receive a S$750 levy rebate for ea‚Ä?,S pass holder,,,,,
4233535932,2020-04-06 06:24:01+00:00, ,1.24705E+18,en,0,0,0,12, ,RT @ChannelNewsAsia: Solidarity Budget: Foreign Worker Levy will be waived in April. Employers will also receive a S$750 levy rebate for ea‚Ä?,S pass holder,,,,,
103301653,2020-04-06 06:15:44+00:00, ,1.24705E+18,en,0,0,0,12, ,RT @ChannelNewsAsia: Solidarity Budget: Foreign Worker Levy will be waived in April. Employers will also receive a S$750 levy rebate for ea‚Ä?,S pass holder,,,,,
967035950,2020-04-06 06:13:52+00:00, ,1.24704E+18,en,0,0,0,12, ,RT @ChannelNewsAsia: Solidarity Budget: Foreign Worker Levy will be waived in April. Employers will also receive a S$750 levy rebate for ea‚Ä?,S pass holder,,,,,
38400130,2020-04-06 06:12:33+00:00, ,1.24704E+18,en,17,3,1,12, ,Solidarity Budget: Foreign Worker Levy will be waived in April. Employers will also receive a S$750 levy rebate for each work permit or S pass holder #COVID19 https://t.co/HMzt61qJMf https://t.co/F3UkWrPMjt,S pass holder,,,,,
8.673E+17,2020-04-02 10:10:49+00:00, ,1.24565E+18,en,0,0,0,0, ,"Singapore's Ministry of Manpower requires all employers to request approval to enable foreign employees or their dependents to enter Singapore if the pass holder plans to enter Singapore. 
https://t.co/ScPurjKcnq
#SingaporeCompany 
#BusinessInSingapore 
#Incorporation https://t.co/Y2XkTlFRdM",S pass holder,,,,,
1.24269E+18,2020-05-19 06:33:15+00:00, ,1.26263E+18,en,0,0,1,0, ,"@DrTamilisaiGuv Dear mamm i am surdeep raj from singapore i was s.pass holder my permit has been closed due to travel ban i cannot reach india chennai  help me bring back from singapore also my flight has been cancled and ban my pasport no L1015453 ,i also registered in hci my no",S pass holder,,,,,
305353892,2020-05-03 04:41:39+00:00, ,1.25681E+18,en,0,0,0,0, ,"@cryptomanran Move to Singapore and get a hospital insurance, it‚Äôs available for purchase as long as you are there for work or PR/Long term pass holder.",S pass holder,,,,,
199579232,2020-06-28 16:18:01+00:00, ,1.27728E+18,en,0,0,0,2, ,RT @kirandcac: @Senthil_NathanK @HardeepSPuri @AAI_Official @airindiain @flyspicejet @IndiGo6E @airvistara @AirAsia @goairlinesindia @PMOIn‚Ä?,S pass holder,,,,,
67583019,2020-06-28 16:05:24+00:00, ,1.27727E+18,en,0,0,0,2, ,RT @kirandcac: @Senthil_NathanK @HardeepSPuri @AAI_Official @airindiain @flyspicejet @IndiGo6E @airvistara @AirAsia @goairlinesindia @PMOIn‚Ä?,S pass holder,,,,,
630985108,2020-06-28 13:13:28+00:00, ,1.27723E+18,en,2,0,0,2, ,@Senthil_NathanK @HardeepSPuri @AAI_Official @airindiain @flyspicejet @IndiGo6E @airvistara @AirAsia @goairlinesindia @PMOIndia @MoCA_GoI @PIB_India @MIB_India @narendramodi @CMOTamilNadu @ushapadhee1996 @MOS_MEA @MEAIndia @DrSJaishankar @KShyamSundar11 @TNGOVDIPR Yes s start at least one flight to Singapore.. Iam also long term pass holder stuck in Delhi for more than 4 months.,S pass holder,,,,,
1.27124E+18,2020-06-22 08:40:39+00:00, ,1.27499E+18,en,0,0,1,0, ,"218 new Covid-19 cases in Singapore, including one in community
There are 218 new coronavirus cases confirmed as of Monday noon (June 22), taking Singapore's total to 42,313.

They include a community case who is a work pass holder, said the Ministry of Health (MOH) on Monday.",S pass holder,,,,,
20194844,2020-06-01 02:40:21+00:00, ,1.26728E+18,en,0,0,0,0, ,@LauraClarkeUK can you help raise awareness and appeal to SIngapore Government to allow stranded British work pass holder residents back to their homes in Singapore. We have been stranded in (very beautiful) NZ for 3 months now!!! it‚Äôs seriously time they let us go home.,S pass holder,,,,,
9.40951E+17,2020-07-29 15:47:46+00:00, ,1.2885E+18,en,0,0,0,1, ,RT @Indounik: A student‚Äôs pass holder who arrived from Indonesia on 17 July &amp; a community infection involving a 56-year-old Indonesian man‚Ä?,S pass holder,,,,,
189101826,2020-07-29 15:29:44+00:00, ,1.2885E+18,en,4,0,0,1, ,"A student‚Äôs pass holder who arrived from Indonesia on 17 July &amp; a community infection involving a 56-year-old Indonesian man were among Singapore's 334 new COVID-19 cases today. This brings the total number of cases in Singapore to 51,531. https://t.co/WowytlEPTn",S pass holder,,,,,
1.19785E+18,2020-07-29 09:18:37+00:00, ,1.2884E+18,en,0,0,0,9, ,"RT @MothershipSG: [JUST IN] MOH has confirmed 334 new cases of Covid-19 in Singapore, as of 12pm on July 29.

There are 3 community cases.‚Ä?
873327918671319040,2020-07-29 09:16:57+00:00, ,1288403125670313984,en,0,0,0,9, ,RT @MothershipSG: [JUST IN] MOH has confirmed 334 new cases of Covid-19 in Singapore",S pass holder,,,,,
8.18722E+17,2020-07-29 07:42:46+00:00, ,1.28838E+18,en,0,0,0,9, ,"RT @MothershipSG: [JUST IN] MOH has confirmed 334 new cases of Covid-19 in Singapore, as of 12pm on July 29.

There are 3 community cases.‚Ä?
1154625952913088512,2020-07-29 07:41:35+00:00, ,1288379126089265152,en,0,0,0,9, ,RT @MothershipSG: [JUST IN] MOH has confirmed 334 new cases of Covid-19 in Singapore",S pass holder,,,,,
1619325942,2020-07-29 07:40:51+00:00, ,1.28838E+18,en,13,1,0,9, ,"[JUST IN] MOH has confirmed 334 new cases of Covid-19 in Singapore, as of 12pm on July 29.

There are 3 community cases. 2 are S‚Äôporeans/PRs and 1 is a Work Pass holder. 

There are 4 imported cases.

Total no. of cases in Singapore: 51,531. #COVID19",S pass holder,,,,,
96294327,2020-07-27 13:35:06+00:00, ,1.28774E+18,en,0,0,0,15, ,"RT @MothershipSG: [JUST IN] MOH has confirmed 469 new cases of Covid-19 in Singapore, as of 12pm on July 27.

There are 2 community cases.‚Ä?
1154625952913088512,2020-07-27 09:04:23+00:00, ,1287675189585559552,en,0,0,0,15, ,RT @MothershipSG: [JUST IN] MOH has confirmed 469 new cases of Covid-19 in Singapore",S pass holder,,,,,
1316409788,2020-07-27 08:49:25+00:00, ,1.28767E+18,en,0,0,0,15, ,"RT @MothershipSG: [JUST IN] MOH has confirmed 469 new cases of Covid-19 in Singapore, as of 12pm on July 27.

There are 2 community cases.‚Ä?
2836261278,2020-07-27 08:12:59+00:00, ,1287662252921778176,en,0,0,0,15, ,RT @MothershipSG: [JUST IN] MOH has confirmed 469 new cases of Covid-19 in Singapore",S pass holder,,,,,
1.04673E+18,2020-07-27 08:08:51+00:00, ,1.28766E+18,en,0,0,0,15, ,"RT @MothershipSG: [JUST IN] MOH has confirmed 469 new cases of Covid-19 in Singapore, as of 12pm on July 27.

There are 2 community cases.‚Ä?
31066498,2020-07-27 07:54:41+00:00, ,1287657648964251648,en,0,0,0,15, ,RT @MothershipSG: [JUST IN] MOH has confirmed 469 new cases of Covid-19 in Singapore",S pass holder,,,,,
1619325942,2020-07-27 07:54:08+00:00, ,1.28766E+18,en,16,1,1,15, ,"[JUST IN] MOH has confirmed 469 new cases of Covid-19 in Singapore, as of 12pm on July 27.

There are 2 community cases. 1 is a S‚Äôporeans and 1 is a Work Pass holder. 

There are 15 imported cases.

Total no. of cases in Singapore: 50,838 #COVID19",S pass holder,,,,,
1.17669E+18,2020-08-20 02:44:15+00:00, ,1.29628E+18,en,0,0,0,0, ,"""Among the imported cases was a 23-year-old student's pass holder who arrived from Vietnam on Aug 7.""

https://t.co/dSusNYwzBn",S pass holder,,,,,
115624161,2020-08-16 15:28:32+00:00, ,1.29502E+18,en,0,0,0,1, ,Among the six imported #COVID-19 cases is a Student‚Äôs Pass holder who arrived from Russia on 4 August. https://t.co/9oexB9THfl,S pass holder,,,,,
2296972651,2020-08-16 11:52:09+00:00, ,1.29497E+18,en,0,0,0,18, ,"RT @MothershipSG: [JUST IN] MOH has confirmed 86 new cases of Covid-19 in Singapore, as of 12pm on August 16.

There are 2 community cases,‚Ä?
1107633218986008577,2020-08-16 10:14:37+00:00, ,1294940620394344451,en,0,0,0,18, ,RT @MothershipSG: [JUST IN] MOH has confirmed 86 new cases of Covid-19 in Singapore",S pass holder,,,,,
8.80415E+17,2020-08-16 08:32:48+00:00, ,1.29491E+18,en,0,0,0,18, ,"RT @MothershipSG: [JUST IN] MOH has confirmed 86 new cases of Covid-19 in Singapore, as of 12pm on August 16.

There are 2 community cases,‚Ä?
1453896170,2020-08-16 08:16:50+00:00, ,1294910981538111488,en,0,0,0,18, ,RT @MothershipSG: [JUST IN] MOH has confirmed 86 new cases of Covid-19 in Singapore",S pass holder,,,,,
160148216,2020-08-16 08:14:49+00:00, ,1.29491E+18,en,0,0,0,18, ,"RT @MothershipSG: [JUST IN] MOH has confirmed 86 new cases of Covid-19 in Singapore, as of 12pm on August 16.

There are 2 community cases,‚Ä?
2836261278,2020-08-16 07:42:27+00:00, ,1294902326843461633,en,0,0,0,18, ,RT @MothershipSG: [JUST IN] MOH has confirmed 86 new cases of Covid-19 in Singapore",S pass holder,,,,,
2420242626,2020-08-16 07:33:38+00:00, ,1.2949E+18,en,0,0,0,18, ,"RT @MothershipSG: [JUST IN] MOH has confirmed 86 new cases of Covid-19 in Singapore, as of 12pm on August 16.

There are 2 community cases,‚Ä?
31066498,2020-08-16 07:32:42+00:00, ,1294899872915550209,en,0,0,0,18, ,RT @MothershipSG: [JUST IN] MOH has confirmed 86 new cases of Covid-19 in Singapore",S pass holder,,,,,
1.04604E+18,2020-08-16 07:31:32+00:00, ,1.2949E+18,en,0,0,0,18, ,"RT @MothershipSG: [JUST IN] MOH has confirmed 86 new cases of Covid-19 in Singapore, as of 12pm on August 16.

There are 2 community cases,‚Ä?
21071383,2020-08-16 07:30:55+00:00, ,1294899424481538049,en,0,0,0,18, ,RT @MothershipSG: [JUST IN] MOH has confirmed 86 new cases of Covid-19 in Singapore",S pass holder,,,,,
1619325942,2020-08-16 07:30:33+00:00, ,1.2949E+18,en,25,0,0,18, ,"[JUST IN] MOH has confirmed 86 new cases of Covid-19 in Singapore, as of 12pm on August 16.

There are 2 community cases, 1 S‚Äôporean and 1 Work Pass Holder.

There are 6 imported cases.

Total no. of cases in Singapore: 55, 747. #COVID19",S pass holder,,,,,
3196089602,2020-08-12 07:32:34+00:00, ,1.29345E+18,en,0,0,0,0, ,‚ÄòSafety of people here comes first' https://t.co/hjT49VBvng,S pass holder,,,,,
35524806,2020-08-10 22:33:43+00:00, ,1.29295E+18,en,0,0,0,0, ,"The girl, a dependant's pass holder, is an Indian national. She was asymptomatic.

Two of the teenagers also arrived from India, while a third arrived from the Philippines.

https://t.co/1hOFM9CKTe",S pass holder,,,,,
2836261278,2020-08-06 10:19:42+00:00, ,1.29132E+18,en,0,0,0,10, ,"RT @MothershipSG: [JUST IN] MOH has confirmed 301 new cases of Covid-19 in Singapore, as of 12pm on August 6.

There are 4 community cases.‚Ä?
1154625952913088512,2020-08-06 09:06:28+00:00, ,1291299590264614913,en,0,0,0,10, ,RT @MothershipSG: [JUST IN] MOH has confirmed 301 new cases of Covid-19 in Singapore",S pass holder,,,,,
321546315,2020-08-06 08:32:19+00:00, ,1.29129E+18,en,0,0,0,10, ,"RT @MothershipSG: [JUST IN] MOH has confirmed 301 new cases of Covid-19 in Singapore, as of 12pm on August 6.

There are 4 community cases.‚Ä?
73562170,2020-08-06 08:32:01+00:00, ,1291290924127903745,en,0,0,0,10, ,RT @MothershipSG: [JUST IN] MOH has confirmed 301 new cases of Covid-19 in Singapore",S pass holder,,,,,
43630347,2020-08-06 08:20:19+00:00, ,1.29129E+18,en,0,0,0,10, ,"RT @MothershipSG: [JUST IN] MOH has confirmed 301 new cases of Covid-19 in Singapore, as of 12pm on August 6.

There are 4 community cases.‚Ä?
1342089276,2020-08-06 08:19:17+00:00, ,1291287716529713153,en,0,0,0,10, ,RT @MothershipSG: [JUST IN] MOH has confirmed 301 new cases of Covid-19 in Singapore",S pass holder,,,,,
407560423,2020-08-06 08:19:13+00:00, ,1.29129E+18,en,0,0,0,10, ,"RT @MothershipSG: [JUST IN] MOH has confirmed 301 new cases of Covid-19 in Singapore, as of 12pm on August 6.

There are 4 community cases.‚Ä?
3252580117,2020-08-06 08:15:48+00:00, ,1291286841400811522,en,0,0,0,10, ,RT @MothershipSG: [JUST IN] MOH has confirmed 301 new cases of Covid-19 in Singapore",S pass holder,,,,,
31066498,2020-08-06 08:05:55+00:00, ,1.29128E+18,en,0,0,0,10, ,"RT @MothershipSG: [JUST IN] MOH has confirmed 301 new cases of Covid-19 in Singapore, as of 12pm on August 6.

There are 4 community cases.‚Ä?
1619325942,2020-08-06 08:05:42+00:00, ,1291284300302700545,en,11,0,1,10, ,[JUST IN] MOH has confirmed 301 new cases of Covid-19 in Singapore",S pass holder,,,,,
301442733,2020-08-06 02:12:33+00:00, ,1.2912E+18,en,0,0,0,68, ,"RT @MothershipSG: [JUST IN] MOH has confirmed 908 new cases of Covid-19 in Singapore, as of 12pm on August 5.

There are 4 community cases.‚Ä?
1233977230314704896,2020-08-05 14:28:00+00:00, ,1291018121868763139,en,0,0,0,68, ,RT @MothershipSG: [JUST IN] MOH has confirmed 908 new cases of Covid-19 in Singapore",S pass holder,,,,,
622650285,2020-08-05 12:37:06+00:00, ,1.29099E+18,en,0,0,0,68, ,"RT @MothershipSG: [JUST IN] MOH has confirmed 908 new cases of Covid-19 in Singapore, as of 12pm on August 5.

There are 4 community cases.‚Ä?
629465959,2020-08-05 12:31:01+00:00, ,1290988680610365445,en,0,0,0,68, ,RT @MothershipSG: [JUST IN] MOH has confirmed 908 new cases of Covid-19 in Singapore",S pass holder,,,,,
1.01347E+18,2020-08-05 11:25:16+00:00, ,1.29097E+18,en,0,0,0,68, ,"RT @MothershipSG: [JUST IN] MOH has confirmed 908 new cases of Covid-19 in Singapore, as of 12pm on August 5.

There are 4 community cases.‚Ä?
800464735,2020-08-05 10:53:55+00:00, ,1290964244884623361,en,0,0,0,68, ,RT @MothershipSG: [JUST IN] MOH has confirmed 908 new cases of Covid-19 in Singapore",S pass holder,,,,,
1962818263,2020-08-05 10:29:35+00:00, ,1.29096E+18,en,0,0,0,68, ,"RT @MothershipSG: [JUST IN] MOH has confirmed 908 new cases of Covid-19 in Singapore, as of 12pm on August 5.

There are 4 community cases.‚Ä?
1101110335648354306,2020-08-05 10:07:22+00:00, ,1290952530705317889,en,0,0,0,68, ,RT @MothershipSG: [JUST IN] MOH has confirmed 908 new cases of Covid-19 in Singapore",S pass holder,,,,,
2296972651,2020-08-05 10:03:47+00:00, ,1.29095E+18,en,0,0,0,68, ,"RT @MothershipSG: [JUST IN] MOH has confirmed 908 new cases of Covid-19 in Singapore, as of 12pm on August 5.

There are 4 community cases.‚Ä?
1236891205062897664,2020-08-05 09:54:07+00:00, ,1290949196376207361,en,0,0,0,68, ,RT @MothershipSG: [JUST IN] MOH has confirmed 908 new cases of Covid-19 in Singapore",S pass holder,,,,,
546134447,2020-08-05 09:33:52+00:00, ,1.29094E+18,en,0,0,0,68, ,"RT @MothershipSG: [JUST IN] MOH has confirmed 908 new cases of Covid-19 in Singapore, as of 12pm on August 5.

There are 4 community cases.‚Ä?
989115863469993984,2020-08-05 09:11:00+00:00, ,1290938344789041155,en,0,0,0,68, ,RT @MothershipSG: [JUST IN] MOH has confirmed 908 new cases of Covid-19 in Singapore",S pass holder,,,,,
605176511,2020-08-05 09:05:34+00:00, ,1.29094E+18,en,0,0,0,68, ,"RT @MothershipSG: [JUST IN] MOH has confirmed 908 new cases of Covid-19 in Singapore, as of 12pm on August 5.

There are 4 community cases.‚Ä?
164573405,2020-08-05 08:53:20+00:00, ,1290933897555922944,en,0,0,0,68, ,RT @MothershipSG: [JUST IN] MOH has confirmed 908 new cases of Covid-19 in Singapore",S pass holder,,,,,
1026309571,2020-08-05 08:52:41+00:00, ,1.29093E+18,en,0,0,0,68, ,"RT @MothershipSG: [JUST IN] MOH has confirmed 908 new cases of Covid-19 in Singapore, as of 12pm on August 5.

There are 4 community cases.‚Ä?
264115903,2020-08-05 08:45:48+00:00, ,1290932004637163521,en,0,0,0,68, ,RT @MothershipSG: [JUST IN] MOH has confirmed 908 new cases of Covid-19 in Singapore",S pass holder,,,,,
2439716125,2020-08-05 08:41:34+00:00, ,1.29093E+18,en,0,0,0,68, ,"RT @MothershipSG: [JUST IN] MOH has confirmed 908 new cases of Covid-19 in Singapore, as of 12pm on August 5.

There are 4 community cases.‚Ä?
1364980128,2020-08-05 08:32:09+00:00, ,1290928567929286657,en,0,0,0,68, ,RT @MothershipSG: [JUST IN] MOH has confirmed 908 new cases of Covid-19 in Singapore",S pass holder,,,,,
3313488541,2020-08-05 08:19:11+00:00, ,1.29093E+18,en,0,0,0,68, ,"RT @MothershipSG: [JUST IN] MOH has confirmed 908 new cases of Covid-19 in Singapore, as of 12pm on August 5.

There are 4 community cases.‚Ä?
3313444448,2020-08-05 08:07:04+00:00, ,1290922257078841344,en,0,0,0,68, ,RT @MothershipSG: [JUST IN] MOH has confirmed 908 new cases of Covid-19 in Singapore",S pass holder,,,,,
2912522234,2020-08-05 08:03:22+00:00, ,1.29092E+18,en,0,0,0,68, ,"RT @MothershipSG: [JUST IN] MOH has confirmed 908 new cases of Covid-19 in Singapore, as of 12pm on August 5.

There are 4 community cases.‚Ä?
2420242626,2020-08-05 08:03:22+00:00, ,1290921323137388544,en,0,0,0,68, ,RT @MothershipSG: [JUST IN] MOH has confirmed 908 new cases of Covid-19 in Singapore",S pass holder,,,,,
9.79656E+17,2020-08-05 07:59:48+00:00, ,1.29092E+18,en,0,0,0,68, ,"RT @MothershipSG: [JUST IN] MOH has confirmed 908 new cases of Covid-19 in Singapore, as of 12pm on August 5.

There are 4 community cases.‚Ä?
912916099683045376,2020-08-05 07:53:18+00:00, ,1290918792697008128,en,0,0,0,68, ,RT @MothershipSG: [JUST IN] MOH has confirmed 908 new cases of Covid-19 in Singapore",S pass holder,,,,,
8.97872E+17,2020-08-05 07:51:55+00:00, ,1.29092E+18,en,0,0,0,68, ,"RT @MothershipSG: [JUST IN] MOH has confirmed 908 new cases of Covid-19 in Singapore, as of 12pm on August 5.

There are 4 community cases.‚Ä?
55784076,2020-08-05 07:51:51+00:00, ,1290918425896706049,en,0,0,0,68, ,RT @MothershipSG: [JUST IN] MOH has confirmed 908 new cases of Covid-19 in Singapore",S pass holder,,,,,
31066498,2020-08-05 07:49:58+00:00, ,1.29092E+18,en,0,0,0,68, ,"RT @MothershipSG: [JUST IN] MOH has confirmed 908 new cases of Covid-19 in Singapore, as of 12pm on August 5.

There are 4 community cases.‚Ä?
1619325942,2020-08-05 07:49:10+00:00, ,1290917748734693376,en,77,61,10,68, ,[JUST IN] MOH has confirmed 908 new cases of Covid-19 in Singapore",S pass holder,,,,,
2296972651,2020-08-05 00:23:43+00:00, ,1.29081E+18,en,0,0,0,7, ,"RT @MothershipSG: [JUST IN] MOH has confirmed 295 new cases of Covid-19 in Singapore, as of 12pm on Aug. 4.

There is 2 cases in the commun‚Ä?
1154625952913088512,2020-08-04 09:16:54+00:00, ,1290577442499727360,en,0,0,0,7, ,RT @MothershipSG: [JUST IN] MOH has confirmed 295 new cases of Covid-19 in Singapore",S pass holder,,,,,
31066498,2020-08-04 07:26:26+00:00, ,1.29055E+18,en,0,0,0,7, ,"RT @MothershipSG: [JUST IN] MOH has confirmed 295 new cases of Covid-19 in Singapore, as of 12pm on Aug. 4.

There is 2 cases in the commun‚Ä?
392706070,2020-08-04 07:24:37+00:00, ,1290549186392240136,en,0,0,0,7, ,RT @MothershipSG: [JUST IN] MOH has confirmed 295 new cases of Covid-19 in Singapore",S pass holder,,,,,
1.13561E+18,2020-08-04 07:23:40+00:00, ,1.29055E+18,en,0,0,0,7, ,"RT @MothershipSG: [JUST IN] MOH has confirmed 295 new cases of Covid-19 in Singapore, as of 12pm on Aug. 4.

There is 2 cases in the commun‚Ä?
1619325942,2020-08-04 07:23:24+00:00, ,1290548877485985792,en,10,4,0,7, ,[JUST IN] MOH has confirmed 295 new cases of Covid-19 in Singapore",S pass holder,,,,,
7.62892E+17,2020-09-28 04:28:16+00:00, ,1.31044E+18,en,0,0,0,0, ,"Mask vendor in #Singapore, but it's free.
When I was ready 2 hav lunch, shopkeeper nearby reminded me of getting free masks(as long-term pass holder). I scanned my ID card&amp;then mask dropped. 
It's my 1st time saw such convenient way instead of getting from specific pick-up point. https://t.co/7sshFStly5",S pass holder,,,,,
244191295,2020-09-24 07:31:51+00:00, ,1.30903E+18,en,0,0,1,0, ,"@skinnylatte @jdeamattson Strongly agree, it‚Äôs a blackbox that no one outside ICA understands. But having said that, living in Singapore as an EP/Dependent Pass holder isn‚Äôt that bad, especially with a citizen as a partner.",S pass holder,,,,,
216328990,2020-09-15 20:10:52+00:00, ,1.30596E+18,en,1,0,0,0, ,"@KatyJayne101 This is Singapore for you, proud of this little red dot, no BS, just facts:
[Sent by https://t.co/jyZRG36CyO]
*COVID-19: 15 Sep update*
New cases: 34
- Imported: 6 (2 PRs, 1 Work Pass holder, 1 Work Permit holder, 2 Dependant‚Äôs Pass holders)
- Cases in community: 0",S pass holder,,,,,
2296972651,2020-09-11 04:21:40+00:00, ,1.30427E+18,en,0,0,0,11, ,"RT @MothershipSG: [JUST IN] MOH has confirmed 63 new cases of Covid-19 in Singapore, as of 12pm on Sep 10.

There are 2 community cases, a‚Ä?
1454585162,2020-09-10 10:01:39+00:00, ,1303997053568077824,en,0,0,0,11, ,RT @MothershipSG: [JUST IN] MOH has confirmed 63 new cases of Covid-19 in Singapore",S pass holder,,,,,
405725276,2020-09-10 08:27:18+00:00, ,1.30397E+18,en,0,0,0,11, ,"RT @MothershipSG: [JUST IN] MOH has confirmed 63 new cases of Covid-19 in Singapore, as of 12pm on Sep 10.

There are 2 community cases, a‚Ä?
715523172511010820,2020-09-10 07:50:27+00:00, ,1303964038582489088,en,0,0,0,11, ,RT @MothershipSG: [JUST IN] MOH has confirmed 63 new cases of Covid-19 in Singapore",S pass holder,,,,,
9.12916E+17,2020-09-10 07:50:15+00:00, ,1.30396E+18,en,0,0,0,11, ,"RT @MothershipSG: [JUST IN] MOH has confirmed 63 new cases of Covid-19 in Singapore, as of 12pm on Sep 10.

There are 2 community cases, a‚Ä?
807998293678534656,2020-09-10 07:48:58+00:00, ,1303963662093180928,en,0,0,0,11, ,RT @MothershipSG: [JUST IN] MOH has confirmed 63 new cases of Covid-19 in Singapore",S pass holder,,,,,
1619325942,2020-09-10 07:48:43+00:00, ,1.30396E+18,en,15,0,0,11, ,"[JUST IN] MOH has confirmed 63 new cases of Covid-19 in Singapore, as of 12pm on Sep 10.

There are 2 community cases, a S‚Äôporean and a Work Pass Holder.

There are 6 imported cases.

Total no. of cases in Singapore: 57,229. #COVID19",S pass holder,,,,,
14846215,2020-09-10 03:03:31+00:00, ,1.30389E+18,en,0,0,0,1, ,RT @krissrit123: Thanks for the announcement. @MFAsg @MOM_sg Is still MOM RE entry permit approval required for Indians (S pass holder) Or‚Ä?,S pass holder,,,,,
14846215,2020-09-09 19:24:16+00:00, ,1.30378E+18,en,1,0,2,1, ,Thanks for the announcement. @MFAsg @MOM_sg Is still MOM RE entry permit approval required for Indians (S pass holder) Or we can book tickets in available date after sep 17 and obtain negative PCR test as protocol and direct fly to Singapore. Kindly advice.,S pass holder,,,,,
2296972651,2020-09-03 17:26:31+00:00, ,1.30157E+18,en,0,0,0,15, ,"RT @MothershipSG: [JUST IN] MOH has confirmed 48 new cases of Covid-19 in Singapore, as of 12pm on Sep 2.

There are 2 community cases, 1 S‚Ä?
2836261278,2020-09-03 10:30:57+00:00, ,1301467712019787776,en,0,0,0,15, ,RT @MothershipSG: [JUST IN] MOH has confirmed 48 new cases of Covid-19 in Singapore",S pass holder,,,,,
1454585162,2020-09-03 08:55:27+00:00, ,1.30144E+18,en,0,0,0,15, ,"RT @MothershipSG: [JUST IN] MOH has confirmed 48 new cases of Covid-19 in Singapore, as of 12pm on Sep 2.

There are 2 community cases, 1 S‚Ä?
2326743085,2020-09-03 07:35:36+00:00, ,1301423584623996932,en,0,0,0,15, ,RT @MothershipSG: [JUST IN] MOH has confirmed 48 new cases of Covid-19 in Singapore",S pass holder,,,,,
1.19785E+18,2020-09-03 07:30:45+00:00, ,1.30142E+18,en,0,0,0,15, ,"RT @MothershipSG: [JUST IN] MOH has confirmed 48 new cases of Covid-19 in Singapore, as of 12pm on Sep 2.

There are 2 community cases, 1 S‚Ä?
2941958906,2020-09-03 07:27:52+00:00, ,1301421636743094272,en,0,0,0,15, ,RT @MothershipSG: [JUST IN] MOH has confirmed 48 new cases of Covid-19 in Singapore",S pass holder,,,,,
1453896170,2020-09-03 07:26:52+00:00, ,1.30142E+18,en,0,0,0,15, ,"RT @MothershipSG: [JUST IN] MOH has confirmed 48 new cases of Covid-19 in Singapore, as of 12pm on Sep 2.

There are 2 community cases, 1 S‚Ä?
407560423,2020-09-03 07:26:34+00:00, ,1301421312603160577,en,0,0,0,15, ,RT @MothershipSG: [JUST IN] MOH has confirmed 48 new cases of Covid-19 in Singapore",S pass holder,,,,,
21071383,2020-09-03 07:25:13+00:00, ,1.30142E+18,en,0,0,0,15, ,"RT @MothershipSG: [JUST IN] MOH has confirmed 48 new cases of Covid-19 in Singapore, as of 12pm on Sep 2.

There are 2 community cases, 1 S‚Ä?
31066498,2020-09-03 07:24:31+00:00, ,1301420796586332160,en,0,0,0,15, ,RT @MothershipSG: [JUST IN] MOH has confirmed 48 new cases of Covid-19 in Singapore",S pass holder,,,,,
1619325942,2020-09-03 07:24:09+00:00, ,1.30142E+18,en,21,1,0,15, ,"[JUST IN] MOH has confirmed 48 new cases of Covid-19 in Singapore, as of 12pm on Sep 2.

There are 2 community cases, 1 S‚Äôporean and 1 Work Pass Holder.

There are also 5 imported cases.

Total no. of cases in Singapore: 56,908. #COVID19",S pass holder,,,,,
519061472,2020-09-02 00:04:03+00:00, ,1.30095E+18,en,0,0,0,0, ,"@YahooSG A consruction foreign S Pass holder was smiling while praising our government: He love our Singapore government, almost every year the government mandated to raise his pay.",S pass holder,,,,,
140519374,2020-09-01 05:45:05+00:00, ,1.30067E+18,en,0,0,1,0, ,"If this request is approved, your comp is REQUIRED to make the payment as charged, even if the pass holder does not enter Singapore as planned. No refunds will be given as gov would have booked and paid for the facilities required for the pass holder‚Äôs entry based on this request",S pass holder,,,,,
140519374,2020-09-01 05:45:05+00:00, ,1.30067E+18,en,0,0,1,0, ,"Singapore Government just made the life's of hundreds of stranded work pass holders and dependents difficult. @MOM_sg @MFAsg @MFAsgConsular As per the new instructions,
The pass holder has a Singapore mobile number(not be possible if they coming to SG for the first time)",S pass holder,,,,,
115624161,2020-10-29 15:06:41+00:00, ,1.32183E+18,en,0,0,0,0, ,"UPDATE: Of today's imported cases, two are Singaporeans who returned from India, and one is a dependant‚Äôs pass holder who arrived from Switzerland. https://t.co/MBPRaWdhHZ https://t.co/XaYRiUxsUP",S pass holder,,,,,
292898515,2020-10-29 14:35:16+00:00, ,1.32182E+18,en,0,0,0,2, ,RT @ChannelNewsAsia: Among Singapore's new imported #COVID19 cases is a special pass holder from the Philippines who arrived to board a shi‚Ä?,S pass holder,,,,,
38400130,2020-10-29 14:31:32+00:00, ,1.32182E+18,en,3,0,1,2, ,Among Singapore's new imported #COVID19 cases is a special pass holder from the Philippines who arrived to board a ship docked here https://t.co/Z4BbhbD9BA https://t.co/0h0YjfI9RY,S pass holder,,,,,
292898515,2020-10-26 15:55:14+00:00, ,1.32076E+18,en,0,0,0,2, ,RT @ChannelNewsAsia: Singapore's imported #COVID19 cases involve a 1-year-old who travelled from UAE and a 21-year-old student pass holder‚Ä?,S pass holder,,,,,
38400130,2020-10-26 15:52:07+00:00, ,1.32076E+18,en,4,0,0,2, ,Singapore's imported #COVID19 cases involve a 1-year-old who travelled from UAE and a 21-year-old student pass holder from France https://t.co/qrgGKumJuM https://t.co/mGdeZSzYIS,S pass holder,,,,,
1.31121E+18,2020-10-07 04:01:00+00:00, ,1.31369E+18,en,0,0,0,0, ,"If I am a Dependant‚Äôs Pass holder, can I apply for LOC (Letter of Consent) before the incorporation of the company in Singapore? Why is it necessary to appoint a resident director? https://t.co/3RyoFqrt3W",S pass holder,,,,,
203503529,2020-11-24 13:08:24+00:00, ,1.33122E+18,en,5,0,1,1, ,"You can only enjoy it if:
-a Singaporean or wife of a Singaporean
-holder or wife of holder working pass
-resident in Singapore for at least 4 mths (abortion cannot be done if pregnancy &gt;24 weeks)

This is something new. I didn‚Äôt know that it‚Äôs actually legal there ü§Ø",S pass holder,,,,,
64956997,2020-11-05 14:03:57+00:00, ,1.32435E+18,en,0,0,0,5, ,RT @ChannelNewsAsia: Singapore‚Äôs sole new community case is a short-term visit pass holder who tested positive for #COVID19 after he was di‚Ä?,S pass holder,,,,,
292898515,2020-11-05 13:55:12+00:00, ,1.32435E+18,en,0,0,0,5, ,RT @ChannelNewsAsia: Singapore‚Äôs sole new community case is a short-term visit pass holder who tested positive for #COVID19 after he was di‚Ä?,S pass holder,,,,,
38400130,2020-11-05 13:50:18+00:00, ,1.32435E+18,en,7,1,3,5, ,Singapore‚Äôs sole new community case is a short-term visit pass holder who tested positive for #COVID19 after he was diagnosed with suspected dengue https://t.co/ARB1ZkxLws https://t.co/ckDVGVLJWK,S pass holder,,,,,
94151476,2020-11-02 16:32:50+00:00, ,1.3233E+18,en,0,0,0,9, ,RT @STcom: 34-year-old Filipino work pass holder is S'pore's sole Covid-19 patient https://t.co/4HM0UtjkF3,S pass holder,,,,,
527534075,2020-11-02 16:12:04+00:00, ,1.3233E+18,en,0,0,0,9, ,RT @STcom: 34-year-old Filipino work pass holder is S'pore's sole Covid-19 patient https://t.co/4HM0UtjkF3,S pass holder,,,,,
44312798,2020-11-02 15:40:20+00:00, ,1.32329E+18,en,0,0,0,9, ,RT @STcom: 34-year-old Filipino work pass holder is S'pore's sole Covid-19 patient https://t.co/4HM0UtjkF3,S pass holder,,,,,
1.31929E+18,2020-11-02 15:39:08+00:00, ,1.32329E+18,en,0,0,0,9, ,RT @STcom: 34-year-old Filipino work pass holder is S'pore's sole Covid-19 patient https://t.co/4HM0UtjkF3,S pass holder,,,,,
37874853,2020-11-02 15:38:15+00:00, ,1.32329E+18,en,9,3,0,9, ,34-year-old Filipino work pass holder is S'pore's sole Covid-19 patient https://t.co/4HM0UtjkF3,S pass holder,,,,,
325012852,2020-12-27 08:22:20+00:00, ,1.34311E+18,en,0,0,0,0, ,"RT BFMradio: RT @NewsBFM: Singapore has confirmed that a 64-year-old Malaysian man with travel history to Indonesia, is one of the 10 imported Covid-19 cases reported in the republic yesterday.

The man, who's a short-term visit pass holder, is asymptoma‚Ä?https://t.co/hYIysXGlFk",S pass holder,,,,,
238829754,2020-12-27 07:29:03+00:00, ,1.3431E+18,en,0,0,0,13, ,"RT @NewsBFM: Singapore has confirmed that a 64-year-old Malaysian man with travel history to Indonesia, is one of the 10 imported Covid-19‚Ä?
358152571,2020-12-27 06:39:31+00:00, ,1343084074055823361,en,0,0,0,13, ,RT @NewsBFM: Singapore has confirmed that a 64-year-old Malaysian man with travel history to Indonesia",S pass holder,,,,,
17419393,2020-12-27 06:21:39+00:00, ,1.34308E+18,en,0,0,0,13, ,"RT @NewsBFM: Singapore has confirmed that a 64-year-old Malaysian man with travel history to Indonesia, is one of the 10 imported Covid-19‚Ä?
348387397,2020-12-27 05:48:37+00:00, ,1343071265188245505,en,0,0,0,13, ,RT @NewsBFM: Singapore has confirmed that a 64-year-old Malaysian man with travel history to Indonesia",S pass holder,,,,,
265764963,2020-12-27 05:36:35+00:00, ,1.34307E+18,en,0,0,0,13, ,"RT @NewsBFM: Singapore has confirmed that a 64-year-old Malaysian man with travel history to Indonesia, is one of the 10 imported Covid-19‚Ä?
146746869,2020-12-27 05:20:50+00:00, ,1343064271949758464,en,0,0,0,13, ,RT @NewsBFM: Singapore has confirmed that a 64-year-old Malaysian man with travel history to Indonesia",S pass holder,,,,,
29155120,2020-12-27 05:20:34+00:00, ,1.34306E+18,en,0,0,0,13, ,"RT @NewsBFM: Singapore has confirmed that a 64-year-old Malaysian man with travel history to Indonesia, is one of the 10 imported Covid-19‚Ä?
296694466,2020-12-27 05:20:30+00:00, ,1343064189527445504,en,17,0,0,13, ,Singapore has confirmed that a 64-year-old Malaysian man with travel history to Indonesia",S pass holder,,,,,
1.32061E+18,2020-12-20 05:30:19+00:00, ,1.34053E+18,en,0,0,0,1, ,RT @Amreen29752232: @airindiain What all the docs require to enter Singapore? Dependent and EPASS HOLDER'S Should apply for SG entry pass ?,S pass holder,,,,,
1.32061E+18,2020-12-19 07:54:25+00:00, ,1.3402E+18,en,1,0,1,1, ,@airindiain What all the docs require to enter Singapore? Dependent and EPASS HOLDER'S Should apply for SG entry pass ?,S pass holder,,,,,
399993633,2020-12-17 03:55:13+00:00, ,1.33942E+18,en,0,0,0,0, ,To all the foreigners tht wanna pursue job. Do not come to Malaysia. You can choose Singapore. They have better dorms for their employees. Yes. They are strict. So the employers give better welfare for u. Even if ur a S Pass holder or E pass or any pass. Choose wisely.,S pass holder,,,,,
1720973082,2020-12-11 15:51:55+00:00, ,1.33742E+18,en,0,0,0,3, ,RT @ChannelNewsAsia: A short-term visit pass holder who arrived from the Philippines for her marriage to a Singaporean is among today's imp‚Ä?,S pass holder,,,,,
788098,2020-12-11 15:50:10+00:00, ,1.33742E+18,en,0,0,0,0, ,A short-term visit pass holder who arrived from the Philippines for her marriage to a Singaporean is among today's imported COVID19 cases https://t.co/cObTET67zP,S pass holder,,,,,
32851301,2020-12-11 15:22:15+00:00, ,1.33742E+18,en,0,0,0,3, ,RT @ChannelNewsAsia: A short-term visit pass holder who arrived from the Philippines for her marriage to a Singaporean is among today's imp‚Ä?,S pass holder,,,,,
346969957,2020-12-11 15:18:35+00:00, ,1.33742E+18,en,0,0,0,3, ,RT @ChannelNewsAsia: A short-term visit pass holder who arrived from the Philippines for her marriage to a Singaporean is among today's imp‚Ä?,S pass holder,,,,,
38400130,2020-12-11 15:12:59+00:00, ,1.33742E+18,en,3,1,0,3, ,A short-term visit pass holder who arrived from the Philippines for her marriage to a Singaporean is among today's imported #COVID19 cases https://t.co/yGOleLTjSH https://t.co/PN2WINJW3l,S pass holder,,,,,
707275459,2020-12-03 10:34:00+00:00, ,1.33445E+18,en,0,0,0,18, ,RT @ChannelNewsAsia: Singapore‚Äôs new #COVID19 cases include a cleaner who works at Changi Airport and a special pass holder who was arreste‚Ä?,S pass holder,,,,,
2836261278,2020-12-02 08:03:38+00:00, ,1.33405E+18,en,0,0,0,18, ,RT @ChannelNewsAsia: Singapore‚Äôs new #COVID19 cases include a cleaner who works at Changi Airport and a special pass holder who was arreste‚Ä?,S pass holder,,,,,
33801370,2020-12-01 15:06:13+00:00, ,1.33379E+18,en,0,0,0,18, ,RT @ChannelNewsAsia: Singapore‚Äôs new #COVID19 cases include a cleaner who works at Changi Airport and a special pass holder who was arreste‚Ä?,S pass holder,,,,,
35175760,2020-12-01 14:51:00+00:00, ,1.33379E+18,en,0,0,0,18, ,RT @ChannelNewsAsia: Singapore‚Äôs new #COVID19 cases include a cleaner who works at Changi Airport and a special pass holder who was arreste‚Ä?,S pass holder,,,,,
21071383,2020-12-01 14:50:36+00:00, ,1.33379E+18,en,0,0,0,18, ,RT @ChannelNewsAsia: Singapore‚Äôs new #COVID19 cases include a cleaner who works at Changi Airport and a special pass holder who was arreste‚Ä?,S pass holder,,,,,
1280054076,2020-12-01 14:48:38+00:00, ,1.33379E+18,en,0,0,0,18, ,RT @ChannelNewsAsia: Singapore‚Äôs new #COVID19 cases include a cleaner who works at Changi Airport and a special pass holder who was arreste‚Ä?,S pass holder,,,,,
292898515,2020-12-01 14:45:19+00:00, ,1.33378E+18,en,0,0,0,18, ,RT @ChannelNewsAsia: Singapore‚Äôs new #COVID19 cases include a cleaner who works at Changi Airport and a special pass holder who was arreste‚Ä?,S pass holder,,,,,
38400130,2020-12-01 14:45:11+00:00, ,1.33378E+18,en,22,6,1,18, ,"Singapore‚Äôs new #COVID19 cases include a cleaner who works at Changi Airport and a special pass holder who was arrested after entering the country 
https://t.co/RhuvALZ5P8 https://t.co/fcVzsdc9ZI",S pass holder,,,,,
102098902,2021-01-10 23:20:31+00:00, ,1.34841E+18,en,2,0,0,0, ,The dependant's pass holder had arrived from Austria. #FMTNews #Singapore https://t.co/S2FLuE0CR0,S pass holder,,,,,
64956997,2021-02-19 15:54:28+00:00, ,1.36279E+18,en,0,0,0,3, ,RT @ChannelNewsAsia: A work pass holder who is among today's 14 imported #COVID19 infections tested negative twice last month while on quar‚Ä?,S pass holder,,,,,
292898515,2021-02-19 15:20:12+00:00, ,1.36278E+18,en,0,0,0,3, ,RT @ChannelNewsAsia: A work pass holder who is among today's 14 imported #COVID19 infections tested negative twice last month while on quar‚Ä?,S pass holder,,,,,
225332010,2021-02-19 15:20:03+00:00, ,1.36278E+18,en,0,0,0,3, ,RT @ChannelNewsAsia: A work pass holder who is among today's 14 imported #COVID19 infections tested negative twice last month while on quar‚Ä?,S pass holder,,,,,
38400130,2021-02-19 15:18:35+00:00, ,1.36278E+18,en,7,1,2,3, ,A work pass holder who is among today's 14 imported #COVID19 infections tested negative twice last month while on quarantine after being identified as a close contact of another case https://t.co/ywjjOSKWOH https://t.co/eK9EkRH4hs,S pass holder,,,,,
271216592,2021-03-25 04:15:05+00:00, ,1.37494E+18,en,0,0,1,0, ,"Singapore‚ÄîAfter two accommodations for a Malaysian S pass holder on a Stay Home Notice (SHN) proved to be ‚Äúworse than the quarantine facility in Malaysia‚Ä? the Ministry of Manpower (MOM) stepped in and made sure he ended up in a better room.
The

https://t.co/I9h4vug8Es https://t.co/xyrCalUL7a",S pass holder,,,,,
1.26239E+18,2021-03-13 07:50:24+00:00, ,1.37064E+18,en,0,0,0,12, ,RT @ChannelNewsAsia: IT engineer at Deutsche Bank is Singapore‚Äôs sole #COVID19 community case; the work pass holder declined to be tested a‚Ä?,S pass holder,,,,,
182768719,2021-03-12 15:40:34+00:00, ,1.3704E+18,en,0,0,0,12, ,RT @ChannelNewsAsia: IT engineer at Deutsche Bank is Singapore‚Äôs sole #COVID19 community case; the work pass holder declined to be tested a‚Ä?,S pass holder,,,,,
1.35694E+18,2021-03-12 15:22:32+00:00, ,1.37039E+18,en,0,0,0,12, ,RT @ChannelNewsAsia: IT engineer at Deutsche Bank is Singapore‚Äôs sole #COVID19 community case; the work pass holder declined to be tested a‚Ä?,S pass holder,,,,,
64956997,2021-03-12 14:51:53+00:00, ,1.37039E+18,en,0,0,0,12, ,RT @ChannelNewsAsia: IT engineer at Deutsche Bank is Singapore‚Äôs sole #COVID19 community case; the work pass holder declined to be tested a‚Ä?,S pass holder,,,,,
2287619294,2021-03-12 14:41:20+00:00, ,1.37038E+18,en,0,0,0,12, ,RT @ChannelNewsAsia: IT engineer at Deutsche Bank is Singapore‚Äôs sole #COVID19 community case; the work pass holder declined to be tested a‚Ä?,S pass holder,,,,,
379654015,2021-03-12 14:34:30+00:00, ,1.37038E+18,en,0,0,0,12, ,RT @ChannelNewsAsia: IT engineer at Deutsche Bank is Singapore‚Äôs sole #COVID19 community case; the work pass holder declined to be tested a‚Ä?,S pass holder,,,,,
9.04678E+17,2021-03-12 14:33:29+00:00, ,1.37038E+18,en,0,0,0,12, ,RT @ChannelNewsAsia: IT engineer at Deutsche Bank is Singapore‚Äôs sole #COVID19 community case; the work pass holder declined to be tested a‚Ä?,S pass holder,,,,,
38400130,2021-03-12 14:29:59+00:00, ,1.37038E+18,en,9,7,11,12, ,IT engineer at Deutsche Bank is Singapore‚Äôs sole #COVID19 community case; the work pass holder declined to be tested after developing symptoms: MOH https://t.co/qbngpVwJ7w https://t.co/DGthHcyMEG,S pass holder,,,,,
44381697,2021-04-16 15:17:33+00:00, ,1.38308E+18,en,0,0,0,7, ,RT @ChannelNewsAsia: Singapore‚Äôs 2 #COVID19 community cases are a short-term visit pass holder and a senior research fellow at NUS; both pr‚Ä?,S pass holder,,,,,
35175760,2021-04-16 15:03:13+00:00, ,1.38307E+18,en,0,0,0,7, ,RT @ChannelNewsAsia: Singapore‚Äôs 2 #COVID19 community cases are a short-term visit pass holder and a senior research fellow at NUS; both pr‚Ä?,S pass holder,,,,,
1.37867E+18,2021-04-16 15:02:47+00:00, ,1.38307E+18,en,0,0,0,7, ,RT @ChannelNewsAsia: Singapore‚Äôs 2 #COVID19 community cases are a short-term visit pass holder and a senior research fellow at NUS; both pr‚Ä?,S pass holder,,,,,
305019086,2021-04-16 14:58:30+00:00, ,1.38307E+18,en,0,0,0,7, ,RT @ChannelNewsAsia: Singapore‚Äôs 2 #COVID19 community cases are a short-term visit pass holder and a senior research fellow at NUS; both pr‚Ä?,S pass holder,,,,,
64956997,2021-04-16 14:56:21+00:00, ,1.38307E+18,en,0,0,0,7, ,RT @ChannelNewsAsia: Singapore‚Äôs 2 #COVID19 community cases are a short-term visit pass holder and a senior research fellow at NUS; both pr‚Ä?,S pass holder,,,,,
38400130,2021-04-16 14:53:32+00:00, ,1.38307E+18,en,9,2,1,7, ,Singapore‚Äôs 2 #COVID19 community cases are a short-term visit pass holder and a senior research fellow at NUS; both previously tested negative multiple times https://t.co/22C62NvuKC https://t.co/iVbazW3DMa,S pass holder,,,,,
1.39489E+18,2021-05-20 06:20:21+00:00, ,1.39526E+18,en,1,0,0,0, ,"Job Vacancy in Singapore (Local Transfer in Singapore Only).
üéØGENERAL WORKER ‚Ä?3 NO'S
Basic salary S$ 1200 to 1600 PM (based on exp.)
Overtime 1.5 times 
Pass to apply: S Pass
Qualification diploma/degree is a must
Preference for currently working S Pass holder in Singapore",S pass holder,,,,,
8.13697E+17,2021-05-20 06:06:24+00:00, ,1.39526E+18,en,1,0,0,0, ,"Wanted for Singapore (Local Transfer in Singapore).
‚û°Ô∏è GENERAL WORKER ‚Ä?3 PAX
Basic salary S$ 1200 to 1600 PM (based on exp.)
Overtime 1.5 times 
Pass to apply: S Pass
Qualification diploma/degree is a must
Preference for currently working S Pass holder in Singapore",S pass holder,,,,,
2980018630,2021-05-13 12:00:09+00:00, ,1.39281E+18,en,1,0,0,0, ,"On May 1, 2021, Singapore implemented a new rule affecting Dependant‚Äôs  Pass (DP) holders working in the country. The regulation changes the requirements for DP holders seeking employment in Singapore. https://t.co/hWhs2SEb6A via @velocity_global #globalpayroll #payroll",S pass holder,,,,,
2980018630,2021-05-12 18:37:20+00:00, ,1.39255E+18,en,1,0,0,0, ,"On May 1, 2021, Singapore implemented a new rule affecting Dependant‚Äôs  Pass (DP) holders working in the country. The regulation changes the requirements for DP holders seeking employment in Singapore. https://t.co/fOOM16vSdr via @velocity_global #globalpayroll #payroll",S pass holder,,,,,
1.33114E+18,2021-06-01 05:48:19+00:00, ,1.3996E+18,en,0,0,0,0, ,"Yes. You need to have at least 1 #localdirector who is either a natural resident of #Singapore or a permanent resident or holder of an Employment Pass, EntrePass, or a Dependant‚Äôs pass, in order to incorporate a company in Singapore. https://t.co/91kQKHytDt",S pass holder,,,,,
367898571,2021-07-18 11:05:25+00:00, ,1.41672E+18,en,0,0,0,5, ,RT @lynyiCNA: Today we all learnt that there was a familial ties boyfriend/girlfriend clause that was used for the entry of a short-term vi‚Ä?,S pass holder,,,,,
1186314151,2021-07-16 14:07:07+00:00, ,1.41604E+18,en,0,0,0,5, ,RT @lynyiCNA: Today we all learnt that there was a familial ties boyfriend/girlfriend clause that was used for the entry of a short-term vi‚Ä?,S pass holder,,,,,
286117105,2021-07-16 14:02:07+00:00, ,1.41604E+18,en,4,1,0,5, ,Today we all learnt that there was a familial ties boyfriend/girlfriend clause that was used for the entry of a short-term visitor pass holder who is also patient zero for the fast-growing #COVID19 KTV cluster in Singapore. And that‚Äôs now off the table https://t.co/dus0cLX3x9,S pass holder,,,,,
2809819734,2021-07-15 03:25:16+00:00, ,1.41551E+18,en,1,0,0,0, ,A Short-Term Visit Pass holder from Vietnam has been identified as the first case in Singapore's growing KTV cluster. https://t.co/Q4Ql2fIw0S https://t.co/da4ttUauCZ,S pass holder,,,,,
1.43011E+18,2021-08-24 10:28:27+00:00, ,1.43011E+18,en,0,0,0,0, ,"Here the link for Singapore FAMILY MEMBERS VISAS IN SINGAPORE IF YOU ARE S PASS , E PASS HOLDER
WATCH MY VIDEO &amp; SUBSCRIBE MY CHANNEL TO KEEP GET KNOWING THINS RELATED TO SINGAPORE WORK PASSES
https://t.co/I2Z7EOtjQ9",S pass holder,,,,,
2565750492,2021-08-14 07:45:47+00:00, ,1.42645E+18,en,0,0,0,1, ,RT @LutherBurgsvik: Singapore: Workers in shopping malls and supermarkets as well as taxi and private hire drivers will be included in Sing‚Ä?,S pass holder,,,,,
1.15506E+18,2021-08-14 07:40:00+00:00, ,1.42645E+18,en,1,0,1,1, ,"Singapore: Workers in shopping malls and supermarkets as well as taxi and private hire drivers will be included in Singapore's COVID-19 ""vaccinate or regular test"" regime.

https://t.co/bJHWX31SJx https://t.co/Dm1jbMZnpk",S pass holder,,,,,
366489479,2021-08-13 21:33:28+00:00, ,1.4263E+18,en,0,0,0,10, ,RT @ChannelNewsAsia: Singapore's #COVID19 vaccination programme to be opened to selected short-term pass holders; eligible people will be n‚Ä?,S pass holder,,,,,
7.69709E+17,2021-08-13 15:11:49+00:00, ,1.4262E+18,en,0,0,0,10, ,RT @ChannelNewsAsia: Singapore's #COVID19 vaccination programme to be opened to selected short-term pass holders; eligible people will be n‚Ä?,S pass holder,,,,,
44378143,2021-08-13 15:05:05+00:00, ,1.4262E+18,en,0,0,0,10, ,RT @ChannelNewsAsia: Singapore's #COVID19 vaccination programme to be opened to selected short-term pass holders; eligible people will be n‚Ä?,S pass holder,,,,,
7.69738E+17,2021-08-13 15:04:12+00:00, ,1.4262E+18,en,0,0,0,10, ,RT @ChannelNewsAsia: Singapore's #COVID19 vaccination programme to be opened to selected short-term pass holders; eligible people will be n‚Ä?,S pass holder,,,,,
346969957,2021-08-13 15:04:09+00:00, ,1.4262E+18,en,0,0,0,10, ,RT @ChannelNewsAsia: Singapore's #COVID19 vaccination programme to be opened to selected short-term pass holders; eligible people will be n‚Ä?,S pass holder,,,,,
1.31985E+18,2021-08-13 15:03:42+00:00, ,1.4262E+18,en,0,0,0,10, ,RT @ChannelNewsAsia: Singapore's #COVID19 vaccination programme to be opened to selected short-term pass holders; eligible people will be n‚Ä?,S pass holder,,,,,
148764351,2021-08-13 15:03:36+00:00, ,1.4262E+18,en,0,0,0,10, ,RT @ChannelNewsAsia: Singapore's #COVID19 vaccination programme to be opened to selected short-term pass holders; eligible people will be n‚Ä?,S pass holder,,,,,
38400130,2021-08-13 15:02:27+00:00, ,1.4262E+18,en,8,2,1,10, ,Singapore's #COVID19 vaccination programme to be opened to selected short-term pass holders; eligible people will be notified by MOH from Aug 18 https://t.co/t7XmPAUUsI https://t.co/6ktRIVRP3g,S pass holder,,,,,
19761513,2021-08-13 01:41:38+00:00, ,1.426E+18,en,0,0,0,0, ,"#HRNews In 2021 to date, MOM has received disputes from 23 migrant workers objecting to renewals of their work permits. Most of these disputes were resolved. There are currently three cases under investigation.

https://t.co/iL1UYnpp0l",S pass holder,,,,,
12522072,2021-09-28 14:44:35+00:00, ,1.44286E+18,en,0,0,0,0, ,"Wow!

"" The¬†Tech.Pass¬†created by #Singapore's EDB that has been designed with technology experts in mind. This work visa allows the holder to be employed by more than one company and also self-employed if they so choose""

#Talent
#workVisa

 https://t.co/rIsDIYxHIm",S pass holder,,,,,
361317259,2021-09-20 17:27:33+00:00, ,1.44E+18,en,1,0,1,0, ,"Entry to Japan may be impractical.
Even if you are a longstay pass holder(EP„ÄÅS Pass„ÄÅDP), reentry is subject to Entry Approval by the Singapore government .
Also, quarantine for 14 days after entering . https://t.co/EGBkyETS2N",S pass holder,,,,,
1548999134,2021-10-09 13:01:47+00:00, ,1.44682E+18,en,0,0,0,4, ,RT @Johnmomo_: @MEAIndia We are work pass holder of Singapore. It's been a year being stuck here. We need your help sir. #SingaporeIndiabor‚Ä?,S pass holder,,,,,
2502435696,2021-10-09 06:11:10+00:00, ,1.44672E+18,en,0,0,0,4, ,RT @Johnmomo_: @MEAIndia We are work pass holder of Singapore. It's been a year being stuck here. We need your help sir. #SingaporeIndiabor‚Ä?,S pass holder,,,,,
9.87569E+17,2021-10-09 03:30:59+00:00, ,1.44668E+18,en,0,0,0,4, ,RT @Johnmomo_: @MEAIndia We are work pass holder of Singapore. It's been a year being stuck here. We need your help sir. #SingaporeIndiabor‚Ä?,S pass holder,,,,,
382912223,2021-10-09 02:53:04+00:00, ,1.44667E+18,en,0,0,0,4, ,RT @Johnmomo_: @MEAIndia We are work pass holder of Singapore. It's been a year being stuck here. We need your help sir. #SingaporeIndiabor‚Ä?,S pass holder,,,,,
3300345625,2021-10-08 17:45:08+00:00, ,1.44653E+18,en,2,0,0,4, ,@MEAIndia We are work pass holder of Singapore. It's been a year being stuck here. We need your help sir. #SingaporeIndiaborderopen @PMOIndia,S pass holder,,,,,
4257667395,2022-02-16 05:51:49+00:00, ,1.49383E+18,en,0,0,0,1, ,"RT @rikvinsg: Are you a Depentant's Pass (DP) holder in #Singapore and seeking #employment? You may not be aware, but you have 3 #WorkVisa‚Ä?
68137157,2022-02-16 05:50:11+00:00, ,1493825011807047681,en,1,0,0,1, ,Are you a Depentant's Pass (DP) holder in #Singapore and seeking #employment? You may not be aware",S pass holder,,,,,
548796306,2022-03-19 09:29:25+00:00, ,1.50511E+18,en,0,0,1,0, ,@bytebot @KintuLabs No it‚Äôs not üôÑ( Singapore) unless you‚Äôre a citizen or LT pass holder. I‚Äôm waiting to get into SIN for family reasons so I‚Äôve been following it.,S pass holder,,,,,
68137157,2022-03-02 07:02:16+00:00, ,1.49892E+18,en,0,0,0,0, ,"Are you a Depentant's Pass (DP) holder in Singapore and looking for a #job?

You may not be aware but you have a few work #VisaOptions to choose from! Read on to learn more about what paths you can take to work in #Singapore! https://t.co/qfqPPvGhj6",S pass holder,,,,,
